epoch,node,loss,accuracy,fscore,precision,recall,test_accuracy_per_class,true_positive_rate,false_positive_rate
0,0,2.3092731676603617,0.08666666666666667,0.01595092024539877,0.008666666666666666,0.1,[0. 0. 0. 0. 0. 0. 0. 0. 0. 1.],"[0.0, 0.0, 0.0, 0.0, 0.0, 0.0, 0.0, 0.0, 0.0, 1.0]","[0.0, 0.0, 0.0, 0.0, 0.0, 0.0, 0.0, 0.0, 0.0, 1.0]"
0,1,2.3010123215223612,0.10166666666666667,0.01845688350983359,0.010166666666666668,0.1,[0. 0. 0. 0. 0. 0. 0. 0. 0. 1.],"[0.0, 0.0, 0.0, 0.0, 0.0, 0.0, 0.0, 0.0, 0.0, 1.0]","[0.0, 0.0, 0.0, 0.0, 0.0, 0.0, 0.0, 0.0, 0.0, 1.0]"
0,2,2.3080859999907646,0.10333333333333333,0.018731117824773415,0.010333333333333333,0.1,[0. 0. 0. 0. 0. 0. 0. 0. 0. 1.],"[0.0, 0.0, 0.0, 0.0, 0.0, 0.0, 0.0, 0.0, 0.0, 1.0]","[0.0, 0.0, 0.0, 0.0, 0.0, 0.0, 0.0, 0.0, 0.0, 1.0]"
0,3,2.3057865280854073,0.11833333333333333,0.021162444113263783,0.011833333333333333,0.1,[0. 0. 0. 0. 0. 0. 0. 0. 0. 1.],"[0.0, 0.0, 0.0, 0.0, 0.0, 0.0, 0.0, 0.0, 0.0, 1.0]","[0.0, 0.0, 0.0, 0.0, 0.0, 0.0, 0.0, 0.0, 0.0, 1.0]"
0,4,2.3045250742059005,0.10833333333333334,0.019548872180451128,0.010833333333333334,0.1,[0. 0. 0. 0. 0. 0. 0. 0. 0. 1.],"[0.0, 0.0, 0.0, 0.0, 0.0, 0.0, 0.0, 0.0, 0.0, 1.0]","[0.0, 0.0, 0.0, 0.0, 0.0, 0.0, 0.0, 0.0, 0.0, 1.0]"
0,5,2.3114955237037256,0.09666666666666666,0.01762917933130699,0.009666666666666667,0.1,[0. 0. 0. 0. 0. 0. 0. 0. 0. 1.],"[0.0, 0.0, 0.0, 0.0, 0.0, 0.0, 0.0, 0.0, 0.0, 1.0]","[0.0, 0.0, 0.0, 0.0, 0.0, 0.0, 0.0, 0.0, 0.0, 1.0]"
0,6,2.306303024291992,0.085,0.01566820276497696,0.0085,0.1,[0. 0. 0. 0. 0. 0. 0. 0. 0. 1.],"[0.0, 0.0, 0.0, 0.0, 0.0, 0.0, 0.0, 0.0, 0.0, 1.0]","[0.0, 0.0, 0.0, 0.0, 0.0, 0.0, 0.0, 0.0, 0.0, 1.0]"
0,7,2.3048796591005827,0.12166666666666667,0.021693907875185738,0.012166666666666668,0.1,[0. 0. 0. 0. 0. 0. 0. 0. 0. 1.],"[0.0, 0.0, 0.0, 0.0, 0.0, 0.0, 0.0, 0.0, 0.0, 1.0]","[0.0, 0.0, 0.0, 0.0, 0.0, 0.0, 0.0, 0.0, 0.0, 1.0]"
0,8,2.3063302291067025,0.09333333333333334,0.01707317073170732,0.009333333333333334,0.1,[0. 0. 0. 0. 0. 0. 0. 0. 0. 1.],"[0.0, 0.0, 0.0, 0.0, 0.0, 0.0, 0.0, 0.0, 0.0, 1.0]","[0.0, 0.0, 0.0, 0.0, 0.0, 0.0, 0.0, 0.0, 0.0, 1.0]"
0,9,2.308249316717449,0.08666666666666667,0.01595092024539877,0.008666666666666666,0.1,[0. 0. 0. 0. 0. 0. 0. 0. 0. 1.],"[0.0, 0.0, 0.0, 0.0, 0.0, 0.0, 0.0, 0.0, 0.0, 1.0]","[0.0, 0.0, 0.0, 0.0, 0.0, 0.0, 0.0, 0.0, 0.0, 1.0]"
0,10,2.3061519986704777,0.09666666666666666,0.01762917933130699,0.009666666666666667,0.1,[0. 0. 0. 0. 0. 0. 0. 0. 0. 1.],"[0.0, 0.0, 0.0, 0.0, 0.0, 0.0, 0.0, 0.0, 0.0, 1.0]","[0.0, 0.0, 0.0, 0.0, 0.0, 0.0, 0.0, 0.0, 0.0, 1.0]"
0,11,2.3062916303935803,0.085,0.01566820276497696,0.0085,0.1,[0. 0. 0. 0. 0. 0. 0. 0. 0. 1.],"[0.0, 0.0, 0.0, 0.0, 0.0, 0.0, 0.0, 0.0, 0.0, 1.0]","[0.0, 0.0, 0.0, 0.0, 0.0, 0.0, 0.0, 0.0, 0.0, 1.0]"
0,12,2.309436189500909,0.09,0.016513761467889906,0.009,0.1,[0. 0. 0. 0. 0. 0. 0. 0. 0. 1.],"[0.0, 0.0, 0.0, 0.0, 0.0, 0.0, 0.0, 0.0, 0.0, 1.0]","[0.0, 0.0, 0.0, 0.0, 0.0, 0.0, 0.0, 0.0, 0.0, 1.0]"
0,13,2.304816064081694,0.10666666666666667,0.01927710843373494,0.010666666666666668,0.1,[0. 0. 0. 0. 0. 0. 0. 0. 0. 1.],"[0.0, 0.0, 0.0, 0.0, 0.0, 0.0, 0.0, 0.0, 0.0, 1.0]","[0.0, 0.0, 0.0, 0.0, 0.0, 0.0, 0.0, 0.0, 0.0, 1.0]"
0,14,2.303862320749383,0.10333333333333333,0.018731117824773415,0.010333333333333333,0.1,[0. 0. 0. 0. 0. 0. 0. 0. 0. 1.],"[0.0, 0.0, 0.0, 0.0, 0.0, 0.0, 0.0, 0.0, 0.0, 1.0]","[0.0, 0.0, 0.0, 0.0, 0.0, 0.0, 0.0, 0.0, 0.0, 1.0]"
0,15,2.305225836603265,0.10666666666666667,0.01927710843373494,0.010666666666666668,0.1,[0. 0. 0. 0. 0. 0. 0. 0. 0. 1.],"[0.0, 0.0, 0.0, 0.0, 0.0, 0.0, 0.0, 0.0, 0.0, 1.0]","[0.0, 0.0, 0.0, 0.0, 0.0, 0.0, 0.0, 0.0, 0.0, 1.0]"
0,16,2.308266758918762,0.09166666666666666,0.016793893129770993,0.009166666666666667,0.1,[0. 0. 0. 0. 0. 0. 0. 0. 0. 1.],"[0.0, 0.0, 0.0, 0.0, 0.0, 0.0, 0.0, 0.0, 0.0, 1.0]","[0.0, 0.0, 0.0, 0.0, 0.0, 0.0, 0.0, 0.0, 0.0, 1.0]"
0,17,2.3073826965532804,0.09333333333333334,0.01707317073170732,0.009333333333333334,0.1,[0. 0. 0. 0. 0. 0. 0. 0. 0. 1.],"[0.0, 0.0, 0.0, 0.0, 0.0, 0.0, 0.0, 0.0, 0.0, 1.0]","[0.0, 0.0, 0.0, 0.0, 0.0, 0.0, 0.0, 0.0, 0.0, 1.0]"
0,18,2.308544924384669,0.095,0.017351598173515982,0.0095,0.1,[0. 0. 0. 0. 0. 0. 0. 0. 0. 1.],"[0.0, 0.0, 0.0, 0.0, 0.0, 0.0, 0.0, 0.0, 0.0, 1.0]","[0.0, 0.0, 0.0, 0.0, 0.0, 0.0, 0.0, 0.0, 0.0, 1.0]"
0,19,2.305510677789387,0.06833333333333333,0.012792511700468018,0.006833333333333333,0.1,[0. 0. 0. 0. 0. 0. 0. 0. 0. 1.],"[0.0, 0.0, 0.0, 0.0, 0.0, 0.0, 0.0, 0.0, 0.0, 1.0]","[0.0, 0.0, 0.0, 0.0, 0.0, 0.0, 0.0, 0.0, 0.0, 1.0]"
1,0,2.297573861322905,0.125,0.02222222222222222,0.0125,0.1,[0. 1. 0. 0. 0. 0. 0. 0. 0. 0.],"[0.0, 1.0, 0.0, 0.0, 0.0, 0.0, 0.0, 0.0, 0.0, 0.0]","[0.0, 1.0, 0.0, 0.0, 0.0, 0.0, 0.0, 0.0, 0.0, 0.0]"
1,1,2.308180670989187,0.085,0.01566820276497696,0.0085,0.1,[0. 1. 0. 0. 0. 0. 0. 0. 0. 0.],"[0.0, 1.0, 0.0, 0.0, 0.0, 0.0, 0.0, 0.0, 0.0, 0.0]","[0.0, 1.0, 0.0, 0.0, 0.0, 0.0, 0.0, 0.0, 0.0, 0.0]"
1,2,2.2970883971766423,0.125,0.02222222222222222,0.0125,0.1,[0. 1. 0. 0. 0. 0. 0. 0. 0. 0.],"[0.0, 1.0, 0.0, 0.0, 0.0, 0.0, 0.0, 0.0, 0.0, 0.0]","[0.0, 1.0, 0.0, 0.0, 0.0, 0.0, 0.0, 0.0, 0.0, 0.0]"
1,3,2.299538097883526,0.115,0.02062780269058296,0.0115,0.1,[0. 1. 0. 0. 0. 0. 0. 0. 0. 0.],"[0.0, 1.0, 0.0, 0.0, 0.0, 0.0, 0.0, 0.0, 0.0, 0.0]","[0.0, 1.0, 0.0, 0.0, 0.0, 0.0, 0.0, 0.0, 0.0, 0.0]"
1,4,2.303075175536306,0.105,0.019004524886877826,0.010499999999999999,0.1,[0. 1. 0. 0. 0. 0. 0. 0. 0. 0.],"[0.0, 1.0, 0.0, 0.0, 0.0, 0.0, 0.0, 0.0, 0.0, 0.0]","[0.0, 1.0, 0.0, 0.0, 0.0, 0.0, 0.0, 0.0, 0.0, 0.0]"
1,5,2.294822830902903,0.15166666666666667,0.02633863965267728,0.015166666666666667,0.1,[0. 1. 0. 0. 0. 0. 0. 0. 0. 0.],"[0.0, 1.0, 0.0, 0.0, 0.0, 0.0, 0.0, 0.0, 0.0, 0.0]","[0.0, 1.0, 0.0, 0.0, 0.0, 0.0, 0.0, 0.0, 0.0, 0.0]"
1,6,2.3050756203500846,0.105,0.019004524886877826,0.010499999999999999,0.1,[0. 1. 0. 0. 0. 0. 0. 0. 0. 0.],"[0.0, 1.0, 0.0, 0.0, 0.0, 0.0, 0.0, 0.0, 0.0, 0.0]","[0.0, 1.0, 0.0, 0.0, 0.0, 0.0, 0.0, 0.0, 0.0, 0.0]"
1,7,2.301752862177397,0.10833333333333334,0.019548872180451128,0.010833333333333334,0.1,[0. 1. 0. 0. 0. 0. 0. 0. 0. 0.],"[0.0, 1.0, 0.0, 0.0, 0.0, 0.0, 0.0, 0.0, 0.0, 0.0]","[0.0, 1.0, 0.0, 0.0, 0.0, 0.0, 0.0, 0.0, 0.0, 0.0]"
1,8,2.3016410062187598,0.11333333333333333,0.02035928143712575,0.011333333333333332,0.1,[0. 1. 0. 0. 0. 0. 0. 0. 0. 0.],"[0.0, 1.0, 0.0, 0.0, 0.0, 0.0, 0.0, 0.0, 0.0, 0.0]","[0.0, 1.0, 0.0, 0.0, 0.0, 0.0, 0.0, 0.0, 0.0, 0.0]"
1,9,2.3000300307022896,0.11833333333333333,0.021162444113263783,0.011833333333333333,0.1,[0. 1. 0. 0. 0. 0. 0. 0. 0. 0.],"[0.0, 1.0, 0.0, 0.0, 0.0, 0.0, 0.0, 0.0, 0.0, 0.0]","[0.0, 1.0, 0.0, 0.0, 0.0, 0.0, 0.0, 0.0, 0.0, 0.0]"
1,10,2.305206116877104,0.115,0.02062780269058296,0.0115,0.1,[0. 1. 0. 0. 0. 0. 0. 0. 0. 0.],"[0.0, 1.0, 0.0, 0.0, 0.0, 0.0, 0.0, 0.0, 0.0, 0.0]","[0.0, 1.0, 0.0, 0.0, 0.0, 0.0, 0.0, 0.0, 0.0, 0.0]"
1,11,2.30474591255188,0.115,0.02062780269058296,0.0115,0.1,[0. 1. 0. 0. 0. 0. 0. 0. 0. 0.],"[0.0, 1.0, 0.0, 0.0, 0.0, 0.0, 0.0, 0.0, 0.0, 0.0]","[0.0, 1.0, 0.0, 0.0, 0.0, 0.0, 0.0, 0.0, 0.0, 0.0]"
1,12,2.2973669077220715,0.13166666666666665,0.023269513991163473,0.013166666666666665,0.1,[0. 1. 0. 0. 0. 0. 0. 0. 0. 0.],"[0.0, 1.0, 0.0, 0.0, 0.0, 0.0, 0.0, 0.0, 0.0, 0.0]","[0.0, 1.0, 0.0, 0.0, 0.0, 0.0, 0.0, 0.0, 0.0, 0.0]"
1,13,2.3060055845662166,0.11166666666666666,0.020089955022488757,0.011166666666666667,0.1,[0. 1. 0. 0. 0. 0. 0. 0. 0. 0.],"[0.0, 1.0, 0.0, 0.0, 0.0, 0.0, 0.0, 0.0, 0.0, 0.0]","[0.0, 1.0, 0.0, 0.0, 0.0, 0.0, 0.0, 0.0, 0.0, 0.0]"
1,14,2.305539507614939,0.10166666666666667,0.01845688350983359,0.010166666666666668,0.1,[0. 1. 0. 0. 0. 0. 0. 0. 0. 0.],"[0.0, 1.0, 0.0, 0.0, 0.0, 0.0, 0.0, 0.0, 0.0, 0.0]","[0.0, 1.0, 0.0, 0.0, 0.0, 0.0, 0.0, 0.0, 0.0, 0.0]"
1,15,2.3022804197512174,0.11,0.01981981981981982,0.011,0.1,[0. 1. 0. 0. 0. 0. 0. 0. 0. 0.],"[0.0, 1.0, 0.0, 0.0, 0.0, 0.0, 0.0, 0.0, 0.0, 0.0]","[0.0, 1.0, 0.0, 0.0, 0.0, 0.0, 0.0, 0.0, 0.0, 0.0]"
1,16,2.300090469812092,0.13,0.023008849557522127,0.013000000000000001,0.1,[0. 1. 0. 0. 0. 0. 0. 0. 0. 0.],"[0.0, 1.0, 0.0, 0.0, 0.0, 0.0, 0.0, 0.0, 0.0, 0.0]","[0.0, 1.0, 0.0, 0.0, 0.0, 0.0, 0.0, 0.0, 0.0, 0.0]"
1,17,2.3011538417715776,0.125,0.02222222222222222,0.0125,0.1,[0. 1. 0. 0. 0. 0. 0. 0. 0. 0.],"[0.0, 1.0, 0.0, 0.0, 0.0, 0.0, 0.0, 0.0, 0.0, 0.0]","[0.0, 1.0, 0.0, 0.0, 0.0, 0.0, 0.0, 0.0, 0.0, 0.0]"
1,18,2.300361476446453,0.13833333333333334,0.024304538799414348,0.013833333333333333,0.1,[0. 1. 0. 0. 0. 0. 0. 0. 0. 0.],"[0.0, 1.0, 0.0, 0.0, 0.0, 0.0, 0.0, 0.0, 0.0, 0.0]","[0.0, 1.0, 0.0, 0.0, 0.0, 0.0, 0.0, 0.0, 0.0, 0.0]"
1,19,2.307473088565626,0.09833333333333333,0.017905918057663124,0.009833333333333333,0.1,[0. 1. 0. 0. 0. 0. 0. 0. 0. 0.],"[0.0, 1.0, 0.0, 0.0, 0.0, 0.0, 0.0, 0.0, 0.0, 0.0]","[0.0, 1.0, 0.0, 0.0, 0.0, 0.0, 0.0, 0.0, 0.0, 0.0]"
2,0,2.295629858970642,0.12833333333333333,0.02274741506646972,0.012833333333333332,0.1,[0. 0. 0. 0. 0. 0. 0. 1. 0. 0.],"[0.0, 0.0, 0.0, 0.0, 0.0, 0.0, 0.0, 1.0, 0.0, 0.0]","[0.0, 0.0, 0.0, 0.0, 0.0, 0.0, 0.0, 1.0, 0.0, 0.0]"
2,1,2.30383070519096,0.10666666666666667,0.01927710843373494,0.010666666666666668,0.1,[0. 0. 0. 0. 0. 0. 0. 1. 0. 0.],"[0.0, 0.0, 0.0, 0.0, 0.0, 0.0, 0.0, 1.0, 0.0, 0.0]","[0.0, 0.0, 0.0, 0.0, 0.0, 0.0, 0.0, 1.0, 0.0, 0.0]"
2,2,2.2944162958546688,0.13166666666666665,0.023269513991163473,0.013166666666666665,0.1,[0. 0. 0. 0. 0. 0. 0. 1. 0. 0.],"[0.0, 0.0, 0.0, 0.0, 0.0, 0.0, 0.0, 1.0, 0.0, 0.0]","[0.0, 0.0, 0.0, 0.0, 0.0, 0.0, 0.0, 1.0, 0.0, 0.0]"
2,3,2.3022123324243644,0.13166666666666665,0.023269513991163473,0.013166666666666665,0.1,[0. 0. 0. 0. 0. 0. 0. 1. 0. 0.],"[0.0, 0.0, 0.0, 0.0, 0.0, 0.0, 0.0, 1.0, 0.0, 0.0]","[0.0, 0.0, 0.0, 0.0, 0.0, 0.0, 0.0, 1.0, 0.0, 0.0]"
2,4,2.3063567312140214,0.10166666666666667,0.01845688350983359,0.010166666666666668,0.1,[0. 0. 0. 0. 0. 0. 0. 1. 0. 0.],"[0.0, 0.0, 0.0, 0.0, 0.0, 0.0, 0.0, 1.0, 0.0, 0.0]","[0.0, 0.0, 0.0, 0.0, 0.0, 0.0, 0.0, 1.0, 0.0, 0.0]"
2,5,2.3044682552939966,0.08666666666666667,0.01595092024539877,0.008666666666666666,0.1,[0. 0. 0. 0. 0. 0. 0. 1. 0. 0.],"[0.0, 0.0, 0.0, 0.0, 0.0, 0.0, 0.0, 1.0, 0.0, 0.0]","[0.0, 0.0, 0.0, 0.0, 0.0, 0.0, 0.0, 1.0, 0.0, 0.0]"
2,6,2.307585597038269,0.10666666666666667,0.01927710843373494,0.010666666666666668,0.1,[0. 0. 0. 0. 0. 0. 0. 1. 0. 0.],"[0.0, 0.0, 0.0, 0.0, 0.0, 0.0, 0.0, 1.0, 0.0, 0.0]","[0.0, 0.0, 0.0, 0.0, 0.0, 0.0, 0.0, 1.0, 0.0, 0.0]"
2,7,2.304464101791382,0.095,0.017351598173515982,0.0095,0.1,[0. 0. 0. 0. 0. 0. 0. 1. 0. 0.],"[0.0, 0.0, 0.0, 0.0, 0.0, 0.0, 0.0, 1.0, 0.0, 0.0]","[0.0, 0.0, 0.0, 0.0, 0.0, 0.0, 0.0, 1.0, 0.0, 0.0]"
2,8,2.3017012696517143,0.105,0.019004524886877826,0.010499999999999999,0.1,[0. 0. 0. 0. 0. 0. 0. 1. 0. 0.],"[0.0, 0.0, 0.0, 0.0, 0.0, 0.0, 0.0, 1.0, 0.0, 0.0]","[0.0, 0.0, 0.0, 0.0, 0.0, 0.0, 0.0, 1.0, 0.0, 0.0]"
2,9,2.298833922335976,0.11666666666666667,0.020895522388059702,0.011666666666666667,0.1,[0. 0. 0. 0. 0. 0. 0. 1. 0. 0.],"[0.0, 0.0, 0.0, 0.0, 0.0, 0.0, 0.0, 1.0, 0.0, 0.0]","[0.0, 0.0, 0.0, 0.0, 0.0, 0.0, 0.0, 1.0, 0.0, 0.0]"
2,10,2.301510867319609,0.09166666666666666,0.016793893129770993,0.009166666666666667,0.1,[0. 0. 0. 0. 0. 0. 0. 1. 0. 0.],"[0.0, 0.0, 0.0, 0.0, 0.0, 0.0, 0.0, 1.0, 0.0, 0.0]","[0.0, 0.0, 0.0, 0.0, 0.0, 0.0, 0.0, 1.0, 0.0, 0.0]"
2,11,2.3016117372010885,0.115,0.02062780269058296,0.0115,0.1,[0. 0. 0. 0. 0. 0. 0. 1. 0. 0.],"[0.0, 0.0, 0.0, 0.0, 0.0, 0.0, 0.0, 1.0, 0.0, 0.0]","[0.0, 0.0, 0.0, 0.0, 0.0, 0.0, 0.0, 1.0, 0.0, 0.0]"
2,12,2.3027543582414327,0.09333333333333334,0.01707317073170732,0.009333333333333334,0.1,[0. 0. 0. 0. 0. 0. 0. 1. 0. 0.],"[0.0, 0.0, 0.0, 0.0, 0.0, 0.0, 0.0, 1.0, 0.0, 0.0]","[0.0, 0.0, 0.0, 0.0, 0.0, 0.0, 0.0, 1.0, 0.0, 0.0]"
2,13,2.3053918198535315,0.105,0.019004524886877826,0.010499999999999999,0.1,[0. 0. 0. 0. 0. 0. 0. 1. 0. 0.],"[0.0, 0.0, 0.0, 0.0, 0.0, 0.0, 0.0, 1.0, 0.0, 0.0]","[0.0, 0.0, 0.0, 0.0, 0.0, 0.0, 0.0, 1.0, 0.0, 0.0]"
2,14,2.3051583829678988,0.095,0.017351598173515982,0.0095,0.1,[0. 0. 0. 0. 0. 0. 0. 1. 0. 0.],"[0.0, 0.0, 0.0, 0.0, 0.0, 0.0, 0.0, 1.0, 0.0, 0.0]","[0.0, 0.0, 0.0, 0.0, 0.0, 0.0, 0.0, 1.0, 0.0, 0.0]"
2,15,2.3047640825572766,0.10166666666666667,0.01845688350983359,0.010166666666666668,0.1,[0. 0. 0. 0. 0. 0. 0. 1. 0. 0.],"[0.0, 0.0, 0.0, 0.0, 0.0, 0.0, 0.0, 1.0, 0.0, 0.0]","[0.0, 0.0, 0.0, 0.0, 0.0, 0.0, 0.0, 1.0, 0.0, 0.0]"
2,16,2.303588365253649,0.1,0.01818181818181818,0.01,0.1,[0. 0. 0. 0. 0. 0. 0. 1. 0. 0.],"[0.0, 0.0, 0.0, 0.0, 0.0, 0.0, 0.0, 1.0, 0.0, 0.0]","[0.0, 0.0, 0.0, 0.0, 0.0, 0.0, 0.0, 1.0, 0.0, 0.0]"
2,17,2.301824406573647,0.10333333333333333,0.018731117824773415,0.010333333333333333,0.1,[0. 0. 0. 0. 0. 0. 0. 1. 0. 0.],"[0.0, 0.0, 0.0, 0.0, 0.0, 0.0, 0.0, 1.0, 0.0, 0.0]","[0.0, 0.0, 0.0, 0.0, 0.0, 0.0, 0.0, 1.0, 0.0, 0.0]"
2,18,2.304673433303833,0.09,0.016513761467889906,0.009,0.1,[0. 0. 0. 0. 0. 0. 0. 1. 0. 0.],"[0.0, 0.0, 0.0, 0.0, 0.0, 0.0, 0.0, 1.0, 0.0, 0.0]","[0.0, 0.0, 0.0, 0.0, 0.0, 0.0, 0.0, 1.0, 0.0, 0.0]"
2,19,2.3107893529691195,0.10833333333333334,0.019548872180451128,0.010833333333333334,0.1,[0. 0. 0. 0. 0. 0. 0. 1. 0. 0.],"[0.0, 0.0, 0.0, 0.0, 0.0, 0.0, 0.0, 1.0, 0.0, 0.0]","[0.0, 0.0, 0.0, 0.0, 0.0, 0.0, 0.0, 1.0, 0.0, 0.0]"
3,0,2.2983120930822274,0.125,0.02222222222222222,0.0125,0.1,[0. 1. 0. 0. 0. 0. 0. 0. 0. 0.],"[0.0, 1.0, 0.0, 0.0, 0.0, 0.0, 0.0, 0.0, 0.0, 0.0]","[0.0, 1.0, 0.0, 0.0, 0.0, 0.0, 0.0, 0.0, 0.0, 0.0]"
3,1,2.3062085854379752,0.085,0.01566820276497696,0.0085,0.1,[0. 1. 0. 0. 0. 0. 0. 0. 0. 0.],"[0.0, 1.0, 0.0, 0.0, 0.0, 0.0, 0.0, 0.0, 0.0, 0.0]","[0.0, 1.0, 0.0, 0.0, 0.0, 0.0, 0.0, 0.0, 0.0, 0.0]"
3,2,2.2936628241288033,0.125,0.02222222222222222,0.0125,0.1,[0. 1. 0. 0. 0. 0. 0. 0. 0. 0.],"[0.0, 1.0, 0.0, 0.0, 0.0, 0.0, 0.0, 0.0, 0.0, 0.0]","[0.0, 1.0, 0.0, 0.0, 0.0, 0.0, 0.0, 0.0, 0.0, 0.0]"
3,3,2.298712084167882,0.115,0.02062780269058296,0.0115,0.1,[0. 1. 0. 0. 0. 0. 0. 0. 0. 0.],"[0.0, 1.0, 0.0, 0.0, 0.0, 0.0, 0.0, 0.0, 0.0, 0.0]","[0.0, 1.0, 0.0, 0.0, 0.0, 0.0, 0.0, 0.0, 0.0, 0.0]"
3,4,2.30517105679763,0.105,0.019004524886877826,0.010499999999999999,0.1,[0. 1. 0. 0. 0. 0. 0. 0. 0. 0.],"[0.0, 1.0, 0.0, 0.0, 0.0, 0.0, 0.0, 0.0, 0.0, 0.0]","[0.0, 1.0, 0.0, 0.0, 0.0, 0.0, 0.0, 0.0, 0.0, 0.0]"
3,5,2.295560987372147,0.15166666666666667,0.02633863965267728,0.015166666666666667,0.1,[0. 1. 0. 0. 0. 0. 0. 0. 0. 0.],"[0.0, 1.0, 0.0, 0.0, 0.0, 0.0, 0.0, 0.0, 0.0, 0.0]","[0.0, 1.0, 0.0, 0.0, 0.0, 0.0, 0.0, 0.0, 0.0, 0.0]"
3,6,2.3067404219978735,0.105,0.019004524886877826,0.010499999999999999,0.1,[0. 1. 0. 0. 0. 0. 0. 0. 0. 0.],"[0.0, 1.0, 0.0, 0.0, 0.0, 0.0, 0.0, 0.0, 0.0, 0.0]","[0.0, 1.0, 0.0, 0.0, 0.0, 0.0, 0.0, 0.0, 0.0, 0.0]"
3,7,2.3050199119668258,0.10833333333333334,0.019548872180451128,0.010833333333333334,0.1,[0. 1. 0. 0. 0. 0. 0. 0. 0. 0.],"[0.0, 1.0, 0.0, 0.0, 0.0, 0.0, 0.0, 0.0, 0.0, 0.0]","[0.0, 1.0, 0.0, 0.0, 0.0, 0.0, 0.0, 0.0, 0.0, 0.0]"
3,8,2.3018028045955456,0.11333333333333333,0.02035928143712575,0.011333333333333332,0.1,[0. 1. 0. 0. 0. 0. 0. 0. 0. 0.],"[0.0, 1.0, 0.0, 0.0, 0.0, 0.0, 0.0, 0.0, 0.0, 0.0]","[0.0, 1.0, 0.0, 0.0, 0.0, 0.0, 0.0, 0.0, 0.0, 0.0]"
3,9,2.3011581897735596,0.11833333333333333,0.021162444113263783,0.011833333333333333,0.1,[0. 1. 0. 0. 0. 0. 0. 0. 0. 0.],"[0.0, 1.0, 0.0, 0.0, 0.0, 0.0, 0.0, 0.0, 0.0, 0.0]","[0.0, 1.0, 0.0, 0.0, 0.0, 0.0, 0.0, 0.0, 0.0, 0.0]"
3,10,2.3033613217504403,0.115,0.02062780269058296,0.0115,0.1,[0. 1. 0. 0. 0. 0. 0. 0. 0. 0.],"[0.0, 1.0, 0.0, 0.0, 0.0, 0.0, 0.0, 0.0, 0.0, 0.0]","[0.0, 1.0, 0.0, 0.0, 0.0, 0.0, 0.0, 0.0, 0.0, 0.0]"
3,11,2.2999010274284766,0.115,0.02062780269058296,0.0115,0.1,[0. 1. 0. 0. 0. 0. 0. 0. 0. 0.],"[0.0, 1.0, 0.0, 0.0, 0.0, 0.0, 0.0, 0.0, 0.0, 0.0]","[0.0, 1.0, 0.0, 0.0, 0.0, 0.0, 0.0, 0.0, 0.0, 0.0]"
3,12,2.299448672093843,0.13166666666666665,0.023269513991163473,0.013166666666666665,0.1,[0. 1. 0. 0. 0. 0. 0. 0. 0. 0.],"[0.0, 1.0, 0.0, 0.0, 0.0, 0.0, 0.0, 0.0, 0.0, 0.0]","[0.0, 1.0, 0.0, 0.0, 0.0, 0.0, 0.0, 0.0, 0.0, 0.0]"
3,13,2.302024929147018,0.11166666666666666,0.020089955022488757,0.011166666666666667,0.1,[0. 1. 0. 0. 0. 0. 0. 0. 0. 0.],"[0.0, 1.0, 0.0, 0.0, 0.0, 0.0, 0.0, 0.0, 0.0, 0.0]","[0.0, 1.0, 0.0, 0.0, 0.0, 0.0, 0.0, 0.0, 0.0, 0.0]"
3,14,2.3059938832333216,0.10166666666666667,0.01845688350983359,0.010166666666666668,0.1,[0. 1. 0. 0. 0. 0. 0. 0. 0. 0.],"[0.0, 1.0, 0.0, 0.0, 0.0, 0.0, 0.0, 0.0, 0.0, 0.0]","[0.0, 1.0, 0.0, 0.0, 0.0, 0.0, 0.0, 0.0, 0.0, 0.0]"
3,15,2.30463571297495,0.11,0.01981981981981982,0.011,0.1,[0. 1. 0. 0. 0. 0. 0. 0. 0. 0.],"[0.0, 1.0, 0.0, 0.0, 0.0, 0.0, 0.0, 0.0, 0.0, 0.0]","[0.0, 1.0, 0.0, 0.0, 0.0, 0.0, 0.0, 0.0, 0.0, 0.0]"
3,16,2.2999996386076274,0.13,0.023008849557522127,0.013000000000000001,0.1,[0. 1. 0. 0. 0. 0. 0. 0. 0. 0.],"[0.0, 1.0, 0.0, 0.0, 0.0, 0.0, 0.0, 0.0, 0.0, 0.0]","[0.0, 1.0, 0.0, 0.0, 0.0, 0.0, 0.0, 0.0, 0.0, 0.0]"
3,17,2.2978963914670443,0.125,0.02222222222222222,0.0125,0.1,[0. 1. 0. 0. 0. 0. 0. 0. 0. 0.],"[0.0, 1.0, 0.0, 0.0, 0.0, 0.0, 0.0, 0.0, 0.0, 0.0]","[0.0, 1.0, 0.0, 0.0, 0.0, 0.0, 0.0, 0.0, 0.0, 0.0]"
3,18,2.2969914862984107,0.13833333333333334,0.024304538799414348,0.013833333333333333,0.1,[0. 1. 0. 0. 0. 0. 0. 0. 0. 0.],"[0.0, 1.0, 0.0, 0.0, 0.0, 0.0, 0.0, 0.0, 0.0, 0.0]","[0.0, 1.0, 0.0, 0.0, 0.0, 0.0, 0.0, 0.0, 0.0, 0.0]"
3,19,2.3063859374899613,0.09833333333333333,0.017905918057663124,0.009833333333333333,0.1,[0. 1. 0. 0. 0. 0. 0. 0. 0. 0.],"[0.0, 1.0, 0.0, 0.0, 0.0, 0.0, 0.0, 0.0, 0.0, 0.0]","[0.0, 1.0, 0.0, 0.0, 0.0, 0.0, 0.0, 0.0, 0.0, 0.0]"
4,0,2.2983649655392298,0.125,0.02222222222222222,0.0125,0.1,[0. 1. 0. 0. 0. 0. 0. 0. 0. 0.],"[0.0, 1.0, 0.0, 0.0, 0.0, 0.0, 0.0, 0.0, 0.0, 0.0]","[0.0, 1.0, 0.0, 0.0, 0.0, 0.0, 0.0, 0.0, 0.0, 0.0]"
4,1,2.3023276203557064,0.085,0.01566820276497696,0.0085,0.1,[0. 1. 0. 0. 0. 0. 0. 0. 0. 0.],"[0.0, 1.0, 0.0, 0.0, 0.0, 0.0, 0.0, 0.0, 0.0, 0.0]","[0.0, 1.0, 0.0, 0.0, 0.0, 0.0, 0.0, 0.0, 0.0, 0.0]"
4,2,2.296865889900609,0.125,0.02222222222222222,0.0125,0.1,[0. 1. 0. 0. 0. 0. 0. 0. 0. 0.],"[0.0, 1.0, 0.0, 0.0, 0.0, 0.0, 0.0, 0.0, 0.0, 0.0]","[0.0, 1.0, 0.0, 0.0, 0.0, 0.0, 0.0, 0.0, 0.0, 0.0]"
4,3,2.302294655850059,0.115,0.02062780269058296,0.0115,0.1,[0. 1. 0. 0. 0. 0. 0. 0. 0. 0.],"[0.0, 1.0, 0.0, 0.0, 0.0, 0.0, 0.0, 0.0, 0.0, 0.0]","[0.0, 1.0, 0.0, 0.0, 0.0, 0.0, 0.0, 0.0, 0.0, 0.0]"
4,4,2.3054274257860685,0.105,0.019004524886877826,0.010499999999999999,0.1,[0. 1. 0. 0. 0. 0. 0. 0. 0. 0.],"[0.0, 1.0, 0.0, 0.0, 0.0, 0.0, 0.0, 0.0, 0.0, 0.0]","[0.0, 1.0, 0.0, 0.0, 0.0, 0.0, 0.0, 0.0, 0.0, 0.0]"
4,5,2.2971042708346716,0.15166666666666667,0.02633863965267728,0.015166666666666667,0.1,[0. 1. 0. 0. 0. 0. 0. 0. 0. 0.],"[0.0, 1.0, 0.0, 0.0, 0.0, 0.0, 0.0, 0.0, 0.0, 0.0]","[0.0, 1.0, 0.0, 0.0, 0.0, 0.0, 0.0, 0.0, 0.0, 0.0]"
4,6,2.3040334299991003,0.105,0.019004524886877826,0.010499999999999999,0.1,[0. 1. 0. 0. 0. 0. 0. 0. 0. 0.],"[0.0, 1.0, 0.0, 0.0, 0.0, 0.0, 0.0, 0.0, 0.0, 0.0]","[0.0, 1.0, 0.0, 0.0, 0.0, 0.0, 0.0, 0.0, 0.0, 0.0]"
4,7,2.3033888779188456,0.10833333333333334,0.019548872180451128,0.010833333333333334,0.1,[0. 1. 0. 0. 0. 0. 0. 0. 0. 0.],"[0.0, 1.0, 0.0, 0.0, 0.0, 0.0, 0.0, 0.0, 0.0, 0.0]","[0.0, 1.0, 0.0, 0.0, 0.0, 0.0, 0.0, 0.0, 0.0, 0.0]"
4,8,2.301890862615485,0.11333333333333333,0.02035928143712575,0.011333333333333332,0.1,[0. 1. 0. 0. 0. 0. 0. 0. 0. 0.],"[0.0, 1.0, 0.0, 0.0, 0.0, 0.0, 0.0, 0.0, 0.0, 0.0]","[0.0, 1.0, 0.0, 0.0, 0.0, 0.0, 0.0, 0.0, 0.0, 0.0]"
4,9,2.298664463193793,0.11833333333333333,0.021162444113263783,0.011833333333333333,0.1,[0. 1. 0. 0. 0. 0. 0. 0. 0. 0.],"[0.0, 1.0, 0.0, 0.0, 0.0, 0.0, 0.0, 0.0, 0.0, 0.0]","[0.0, 1.0, 0.0, 0.0, 0.0, 0.0, 0.0, 0.0, 0.0, 0.0]"
4,10,2.301150221573679,0.115,0.02062780269058296,0.0115,0.1,[0. 1. 0. 0. 0. 0. 0. 0. 0. 0.],"[0.0, 1.0, 0.0, 0.0, 0.0, 0.0, 0.0, 0.0, 0.0, 0.0]","[0.0, 1.0, 0.0, 0.0, 0.0, 0.0, 0.0, 0.0, 0.0, 0.0]"
4,11,2.2999572377455864,0.115,0.02062780269058296,0.0115,0.1,[0. 1. 0. 0. 0. 0. 0. 0. 0. 0.],"[0.0, 1.0, 0.0, 0.0, 0.0, 0.0, 0.0, 0.0, 0.0, 0.0]","[0.0, 1.0, 0.0, 0.0, 0.0, 0.0, 0.0, 0.0, 0.0, 0.0]"
4,12,2.2999046413522017,0.13166666666666665,0.023269513991163473,0.013166666666666665,0.1,[0. 1. 0. 0. 0. 0. 0. 0. 0. 0.],"[0.0, 1.0, 0.0, 0.0, 0.0, 0.0, 0.0, 0.0, 0.0, 0.0]","[0.0, 1.0, 0.0, 0.0, 0.0, 0.0, 0.0, 0.0, 0.0, 0.0]"
4,13,2.3049099633568213,0.11166666666666666,0.020089955022488757,0.011166666666666667,0.1,[0. 1. 0. 0. 0. 0. 0. 0. 0. 0.],"[0.0, 1.0, 0.0, 0.0, 0.0, 0.0, 0.0, 0.0, 0.0, 0.0]","[0.0, 1.0, 0.0, 0.0, 0.0, 0.0, 0.0, 0.0, 0.0, 0.0]"
4,14,2.3033675080851506,0.10166666666666667,0.01845688350983359,0.010166666666666668,0.1,[0. 1. 0. 0. 0. 0. 0. 0. 0. 0.],"[0.0, 1.0, 0.0, 0.0, 0.0, 0.0, 0.0, 0.0, 0.0, 0.0]","[0.0, 1.0, 0.0, 0.0, 0.0, 0.0, 0.0, 0.0, 0.0, 0.0]"
4,15,2.3022702367682206,0.11,0.01981981981981982,0.011,0.1,[0. 1. 0. 0. 0. 0. 0. 0. 0. 0.],"[0.0, 1.0, 0.0, 0.0, 0.0, 0.0, 0.0, 0.0, 0.0, 0.0]","[0.0, 1.0, 0.0, 0.0, 0.0, 0.0, 0.0, 0.0, 0.0, 0.0]"
4,16,2.3001973252547416,0.13,0.023008849557522127,0.013000000000000001,0.1,[0. 1. 0. 0. 0. 0. 0. 0. 0. 0.],"[0.0, 1.0, 0.0, 0.0, 0.0, 0.0, 0.0, 0.0, 0.0, 0.0]","[0.0, 1.0, 0.0, 0.0, 0.0, 0.0, 0.0, 0.0, 0.0, 0.0]"
4,17,2.2989183852547095,0.125,0.02222222222222222,0.0125,0.1,[0. 1. 0. 0. 0. 0. 0. 0. 0. 0.],"[0.0, 1.0, 0.0, 0.0, 0.0, 0.0, 0.0, 0.0, 0.0, 0.0]","[0.0, 1.0, 0.0, 0.0, 0.0, 0.0, 0.0, 0.0, 0.0, 0.0]"
4,18,2.3007219088704964,0.13833333333333334,0.024304538799414348,0.013833333333333333,0.1,[0. 1. 0. 0. 0. 0. 0. 0. 0. 0.],"[0.0, 1.0, 0.0, 0.0, 0.0, 0.0, 0.0, 0.0, 0.0, 0.0]","[0.0, 1.0, 0.0, 0.0, 0.0, 0.0, 0.0, 0.0, 0.0, 0.0]"
4,19,2.3056435898730627,0.09833333333333333,0.017905918057663124,0.009833333333333333,0.1,[0. 1. 0. 0. 0. 0. 0. 0. 0. 0.],"[0.0, 1.0, 0.0, 0.0, 0.0, 0.0, 0.0, 0.0, 0.0, 0.0]","[0.0, 1.0, 0.0, 0.0, 0.0, 0.0, 0.0, 0.0, 0.0, 0.0]"
5,0,2.3000317937449406,0.125,0.02222222222222222,0.0125,0.1,[0. 1. 0. 0. 0. 0. 0. 0. 0. 0.],"[0.0, 1.0, 0.0, 0.0, 0.0, 0.0, 0.0, 0.0, 0.0, 0.0]","[0.0, 1.0, 0.0, 0.0, 0.0, 0.0, 0.0, 0.0, 0.0, 0.0]"
5,1,2.30402357954728,0.085,0.01566820276497696,0.0085,0.1,[0. 1. 0. 0. 0. 0. 0. 0. 0. 0.],"[0.0, 1.0, 0.0, 0.0, 0.0, 0.0, 0.0, 0.0, 0.0, 0.0]","[0.0, 1.0, 0.0, 0.0, 0.0, 0.0, 0.0, 0.0, 0.0, 0.0]"
5,2,2.299051830643102,0.125,0.02222222222222222,0.0125,0.1,[0. 1. 0. 0. 0. 0. 0. 0. 0. 0.],"[0.0, 1.0, 0.0, 0.0, 0.0, 0.0, 0.0, 0.0, 0.0, 0.0]","[0.0, 1.0, 0.0, 0.0, 0.0, 0.0, 0.0, 0.0, 0.0, 0.0]"
5,3,2.2990084886550903,0.115,0.02062780269058296,0.0115,0.1,[0. 1. 0. 0. 0. 0. 0. 0. 0. 0.],"[0.0, 1.0, 0.0, 0.0, 0.0, 0.0, 0.0, 0.0, 0.0, 0.0]","[0.0, 1.0, 0.0, 0.0, 0.0, 0.0, 0.0, 0.0, 0.0, 0.0]"
5,4,2.3026663566890515,0.105,0.019004524886877826,0.010499999999999999,0.1,[0. 1. 0. 0. 0. 0. 0. 0. 0. 0.],"[0.0, 1.0, 0.0, 0.0, 0.0, 0.0, 0.0, 0.0, 0.0, 0.0]","[0.0, 1.0, 0.0, 0.0, 0.0, 0.0, 0.0, 0.0, 0.0, 0.0]"
5,5,2.295116844930147,0.15166666666666667,0.02633863965267728,0.015166666666666667,0.1,[0. 1. 0. 0. 0. 0. 0. 0. 0. 0.],"[0.0, 1.0, 0.0, 0.0, 0.0, 0.0, 0.0, 0.0, 0.0, 0.0]","[0.0, 1.0, 0.0, 0.0, 0.0, 0.0, 0.0, 0.0, 0.0, 0.0]"
5,6,2.3034332739679435,0.105,0.019004524886877826,0.010499999999999999,0.1,[0. 1. 0. 0. 0. 0. 0. 0. 0. 0.],"[0.0, 1.0, 0.0, 0.0, 0.0, 0.0, 0.0, 0.0, 0.0, 0.0]","[0.0, 1.0, 0.0, 0.0, 0.0, 0.0, 0.0, 0.0, 0.0, 0.0]"
5,7,2.3009058488042733,0.10833333333333334,0.019548872180451128,0.010833333333333334,0.1,[0. 1. 0. 0. 0. 0. 0. 0. 0. 0.],"[0.0, 1.0, 0.0, 0.0, 0.0, 0.0, 0.0, 0.0, 0.0, 0.0]","[0.0, 1.0, 0.0, 0.0, 0.0, 0.0, 0.0, 0.0, 0.0, 0.0]"
5,8,2.303021035696331,0.11333333333333333,0.02035928143712575,0.011333333333333332,0.1,[0. 1. 0. 0. 0. 0. 0. 0. 0. 0.],"[0.0, 1.0, 0.0, 0.0, 0.0, 0.0, 0.0, 0.0, 0.0, 0.0]","[0.0, 1.0, 0.0, 0.0, 0.0, 0.0, 0.0, 0.0, 0.0, 0.0]"
5,9,2.3006084090784977,0.11833333333333333,0.021162444113263783,0.011833333333333333,0.1,[0. 1. 0. 0. 0. 0. 0. 0. 0. 0.],"[0.0, 1.0, 0.0, 0.0, 0.0, 0.0, 0.0, 0.0, 0.0, 0.0]","[0.0, 1.0, 0.0, 0.0, 0.0, 0.0, 0.0, 0.0, 0.0, 0.0]"
5,10,2.3028542869969417,0.115,0.02062780269058296,0.0115,0.1,[0. 1. 0. 0. 0. 0. 0. 0. 0. 0.],"[0.0, 1.0, 0.0, 0.0, 0.0, 0.0, 0.0, 0.0, 0.0, 0.0]","[0.0, 1.0, 0.0, 0.0, 0.0, 0.0, 0.0, 0.0, 0.0, 0.0]"
5,11,2.30373005490554,0.115,0.02062780269058296,0.0115,0.1,[0. 1. 0. 0. 0. 0. 0. 0. 0. 0.],"[0.0, 1.0, 0.0, 0.0, 0.0, 0.0, 0.0, 0.0, 0.0, 0.0]","[0.0, 1.0, 0.0, 0.0, 0.0, 0.0, 0.0, 0.0, 0.0, 0.0]"
5,12,2.298113728824415,0.13166666666666665,0.023269513991163473,0.013166666666666665,0.1,[0. 1. 0. 0. 0. 0. 0. 0. 0. 0.],"[0.0, 1.0, 0.0, 0.0, 0.0, 0.0, 0.0, 0.0, 0.0, 0.0]","[0.0, 1.0, 0.0, 0.0, 0.0, 0.0, 0.0, 0.0, 0.0, 0.0]"
5,13,2.3062423153927454,0.11166666666666666,0.020089955022488757,0.011166666666666667,0.1,[0. 1. 0. 0. 0. 0. 0. 0. 0. 0.],"[0.0, 1.0, 0.0, 0.0, 0.0, 0.0, 0.0, 0.0, 0.0, 0.0]","[0.0, 1.0, 0.0, 0.0, 0.0, 0.0, 0.0, 0.0, 0.0, 0.0]"
5,14,2.302793734952023,0.10166666666666667,0.01845688350983359,0.010166666666666668,0.1,[0. 1. 0. 0. 0. 0. 0. 0. 0. 0.],"[0.0, 1.0, 0.0, 0.0, 0.0, 0.0, 0.0, 0.0, 0.0, 0.0]","[0.0, 1.0, 0.0, 0.0, 0.0, 0.0, 0.0, 0.0, 0.0, 0.0]"
5,15,2.298634121292516,0.11,0.01981981981981982,0.011,0.1,[0. 1. 0. 0. 0. 0. 0. 0. 0. 0.],"[0.0, 1.0, 0.0, 0.0, 0.0, 0.0, 0.0, 0.0, 0.0, 0.0]","[0.0, 1.0, 0.0, 0.0, 0.0, 0.0, 0.0, 0.0, 0.0, 0.0]"
5,16,2.2984644111834074,0.13,0.023008849557522127,0.013000000000000001,0.1,[0. 1. 0. 0. 0. 0. 0. 0. 0. 0.],"[0.0, 1.0, 0.0, 0.0, 0.0, 0.0, 0.0, 0.0, 0.0, 0.0]","[0.0, 1.0, 0.0, 0.0, 0.0, 0.0, 0.0, 0.0, 0.0, 0.0]"
5,17,2.301131091619793,0.125,0.02222222222222222,0.0125,0.1,[0. 1. 0. 0. 0. 0. 0. 0. 0. 0.],"[0.0, 1.0, 0.0, 0.0, 0.0, 0.0, 0.0, 0.0, 0.0, 0.0]","[0.0, 1.0, 0.0, 0.0, 0.0, 0.0, 0.0, 0.0, 0.0, 0.0]"
5,18,2.301167130470276,0.13833333333333334,0.024304538799414348,0.013833333333333333,0.1,[0. 1. 0. 0. 0. 0. 0. 0. 0. 0.],"[0.0, 1.0, 0.0, 0.0, 0.0, 0.0, 0.0, 0.0, 0.0, 0.0]","[0.0, 1.0, 0.0, 0.0, 0.0, 0.0, 0.0, 0.0, 0.0, 0.0]"
5,19,2.3068700652373466,0.09833333333333333,0.017905918057663124,0.009833333333333333,0.1,[0. 1. 0. 0. 0. 0. 0. 0. 0. 0.],"[0.0, 1.0, 0.0, 0.0, 0.0, 0.0, 0.0, 0.0, 0.0, 0.0]","[0.0, 1.0, 0.0, 0.0, 0.0, 0.0, 0.0, 0.0, 0.0, 0.0]"
6,0,2.298920386715939,0.125,0.02222222222222222,0.0125,0.1,[0. 1. 0. 0. 0. 0. 0. 0. 0. 0.],"[0.0, 1.0, 0.0, 0.0, 0.0, 0.0, 0.0, 0.0, 0.0, 0.0]","[0.0, 1.0, 0.0, 0.0, 0.0, 0.0, 0.0, 0.0, 0.0, 0.0]"
6,1,2.3041104831193624,0.085,0.01566820276497696,0.0085,0.1,[0. 1. 0. 0. 0. 0. 0. 0. 0. 0.],"[0.0, 1.0, 0.0, 0.0, 0.0, 0.0, 0.0, 0.0, 0.0, 0.0]","[0.0, 1.0, 0.0, 0.0, 0.0, 0.0, 0.0, 0.0, 0.0, 0.0]"
6,2,2.2977539991077625,0.125,0.02222222222222222,0.0125,0.1,[0. 1. 0. 0. 0. 0. 0. 0. 0. 0.],"[0.0, 1.0, 0.0, 0.0, 0.0, 0.0, 0.0, 0.0, 0.0, 0.0]","[0.0, 1.0, 0.0, 0.0, 0.0, 0.0, 0.0, 0.0, 0.0, 0.0]"
6,3,2.300271460884496,0.115,0.02062780269058296,0.0115,0.1,[0. 1. 0. 0. 0. 0. 0. 0. 0. 0.],"[0.0, 1.0, 0.0, 0.0, 0.0, 0.0, 0.0, 0.0, 0.0, 0.0]","[0.0, 1.0, 0.0, 0.0, 0.0, 0.0, 0.0, 0.0, 0.0, 0.0]"
6,4,2.304888969973514,0.105,0.019004524886877826,0.010499999999999999,0.1,[0. 1. 0. 0. 0. 0. 0. 0. 0. 0.],"[0.0, 1.0, 0.0, 0.0, 0.0, 0.0, 0.0, 0.0, 0.0, 0.0]","[0.0, 1.0, 0.0, 0.0, 0.0, 0.0, 0.0, 0.0, 0.0, 0.0]"
6,5,2.300348005796734,0.15166666666666667,0.02633863965267728,0.015166666666666667,0.1,[0. 1. 0. 0. 0. 0. 0. 0. 0. 0.],"[0.0, 1.0, 0.0, 0.0, 0.0, 0.0, 0.0, 0.0, 0.0, 0.0]","[0.0, 1.0, 0.0, 0.0, 0.0, 0.0, 0.0, 0.0, 0.0, 0.0]"
6,6,2.306538305784527,0.105,0.019004524886877826,0.010499999999999999,0.1,[0. 1. 0. 0. 0. 0. 0. 0. 0. 0.],"[0.0, 1.0, 0.0, 0.0, 0.0, 0.0, 0.0, 0.0, 0.0, 0.0]","[0.0, 1.0, 0.0, 0.0, 0.0, 0.0, 0.0, 0.0, 0.0, 0.0]"
6,7,2.303425675944278,0.10833333333333334,0.019548872180451128,0.010833333333333334,0.1,[0. 1. 0. 0. 0. 0. 0. 0. 0. 0.],"[0.0, 1.0, 0.0, 0.0, 0.0, 0.0, 0.0, 0.0, 0.0, 0.0]","[0.0, 1.0, 0.0, 0.0, 0.0, 0.0, 0.0, 0.0, 0.0, 0.0]"
6,8,2.3017257263785913,0.11333333333333333,0.02035928143712575,0.011333333333333332,0.1,[0. 1. 0. 0. 0. 0. 0. 0. 0. 0.],"[0.0, 1.0, 0.0, 0.0, 0.0, 0.0, 0.0, 0.0, 0.0, 0.0]","[0.0, 1.0, 0.0, 0.0, 0.0, 0.0, 0.0, 0.0, 0.0, 0.0]"
6,9,2.299312528811003,0.11833333333333333,0.021162444113263783,0.011833333333333333,0.1,[0. 1. 0. 0. 0. 0. 0. 0. 0. 0.],"[0.0, 1.0, 0.0, 0.0, 0.0, 0.0, 0.0, 0.0, 0.0, 0.0]","[0.0, 1.0, 0.0, 0.0, 0.0, 0.0, 0.0, 0.0, 0.0, 0.0]"
6,10,2.3045030644065454,0.115,0.02062780269058296,0.0115,0.1,[0. 1. 0. 0. 0. 0. 0. 0. 0. 0.],"[0.0, 1.0, 0.0, 0.0, 0.0, 0.0, 0.0, 0.0, 0.0, 0.0]","[0.0, 1.0, 0.0, 0.0, 0.0, 0.0, 0.0, 0.0, 0.0, 0.0]"
6,11,2.3022717237472534,0.115,0.02062780269058296,0.0115,0.1,[0. 1. 0. 0. 0. 0. 0. 0. 0. 0.],"[0.0, 1.0, 0.0, 0.0, 0.0, 0.0, 0.0, 0.0, 0.0, 0.0]","[0.0, 1.0, 0.0, 0.0, 0.0, 0.0, 0.0, 0.0, 0.0, 0.0]"
6,12,2.303868764325192,0.13166666666666665,0.023269513991163473,0.013166666666666665,0.1,[0. 1. 0. 0. 0. 0. 0. 0. 0. 0.],"[0.0, 1.0, 0.0, 0.0, 0.0, 0.0, 0.0, 0.0, 0.0, 0.0]","[0.0, 1.0, 0.0, 0.0, 0.0, 0.0, 0.0, 0.0, 0.0, 0.0]"
6,13,2.3043227446706673,0.11166666666666666,0.020089955022488757,0.011166666666666667,0.1,[0. 1. 0. 0. 0. 0. 0. 0. 0. 0.],"[0.0, 1.0, 0.0, 0.0, 0.0, 0.0, 0.0, 0.0, 0.0, 0.0]","[0.0, 1.0, 0.0, 0.0, 0.0, 0.0, 0.0, 0.0, 0.0, 0.0]"
6,14,2.3029679185465763,0.10166666666666667,0.01845688350983359,0.010166666666666668,0.1,[0. 1. 0. 0. 0. 0. 0. 0. 0. 0.],"[0.0, 1.0, 0.0, 0.0, 0.0, 0.0, 0.0, 0.0, 0.0, 0.0]","[0.0, 1.0, 0.0, 0.0, 0.0, 0.0, 0.0, 0.0, 0.0, 0.0]"
6,15,2.3047683176241422,0.11,0.01981981981981982,0.011,0.1,[0. 1. 0. 0. 0. 0. 0. 0. 0. 0.],"[0.0, 1.0, 0.0, 0.0, 0.0, 0.0, 0.0, 0.0, 0.0, 0.0]","[0.0, 1.0, 0.0, 0.0, 0.0, 0.0, 0.0, 0.0, 0.0, 0.0]"
6,16,2.3046903422004297,0.13,0.023008849557522127,0.013000000000000001,0.1,[0. 1. 0. 0. 0. 0. 0. 0. 0. 0.],"[0.0, 1.0, 0.0, 0.0, 0.0, 0.0, 0.0, 0.0, 0.0, 0.0]","[0.0, 1.0, 0.0, 0.0, 0.0, 0.0, 0.0, 0.0, 0.0, 0.0]"
6,17,2.300391335236399,0.125,0.02222222222222222,0.0125,0.1,[0. 1. 0. 0. 0. 0. 0. 0. 0. 0.],"[0.0, 1.0, 0.0, 0.0, 0.0, 0.0, 0.0, 0.0, 0.0, 0.0]","[0.0, 1.0, 0.0, 0.0, 0.0, 0.0, 0.0, 0.0, 0.0, 0.0]"
6,18,2.302803579129671,0.13833333333333334,0.024304538799414348,0.013833333333333333,0.1,[0. 1. 0. 0. 0. 0. 0. 0. 0. 0.],"[0.0, 1.0, 0.0, 0.0, 0.0, 0.0, 0.0, 0.0, 0.0, 0.0]","[0.0, 1.0, 0.0, 0.0, 0.0, 0.0, 0.0, 0.0, 0.0, 0.0]"
6,19,2.3056837571294686,0.09833333333333333,0.017905918057663124,0.009833333333333333,0.1,[0. 1. 0. 0. 0. 0. 0. 0. 0. 0.],"[0.0, 1.0, 0.0, 0.0, 0.0, 0.0, 0.0, 0.0, 0.0, 0.0]","[0.0, 1.0, 0.0, 0.0, 0.0, 0.0, 0.0, 0.0, 0.0, 0.0]"
7,0,2.3047315384212292,0.08666666666666667,0.01595092024539877,0.008666666666666666,0.1,[0. 0. 0. 0. 0. 0. 0. 0. 0. 1.],"[0.0, 0.0, 0.0, 0.0, 0.0, 0.0, 0.0, 0.0, 0.0, 1.0]","[0.0, 0.0, 0.0, 0.0, 0.0, 0.0, 0.0, 0.0, 0.0, 1.0]"
7,1,2.301799127930089,0.10166666666666667,0.01845688350983359,0.010166666666666668,0.1,[0. 0. 0. 0. 0. 0. 0. 0. 0. 1.],"[0.0, 0.0, 0.0, 0.0, 0.0, 0.0, 0.0, 0.0, 0.0, 1.0]","[0.0, 0.0, 0.0, 0.0, 0.0, 0.0, 0.0, 0.0, 0.0, 1.0]"
7,2,2.2993051692059168,0.10333333333333333,0.018731117824773415,0.010333333333333333,0.1,[0. 0. 0. 0. 0. 0. 0. 0. 0. 1.],"[0.0, 0.0, 0.0, 0.0, 0.0, 0.0, 0.0, 0.0, 0.0, 1.0]","[0.0, 0.0, 0.0, 0.0, 0.0, 0.0, 0.0, 0.0, 0.0, 1.0]"
7,3,2.297602804083573,0.11833333333333333,0.021162444113263783,0.011833333333333333,0.1,[0. 0. 0. 0. 0. 0. 0. 0. 0. 1.],"[0.0, 0.0, 0.0, 0.0, 0.0, 0.0, 0.0, 0.0, 0.0, 1.0]","[0.0, 0.0, 0.0, 0.0, 0.0, 0.0, 0.0, 0.0, 0.0, 1.0]"
7,4,2.304422184040672,0.10833333333333334,0.019548872180451128,0.010833333333333334,0.1,[0. 0. 0. 0. 0. 0. 0. 0. 0. 1.],"[0.0, 0.0, 0.0, 0.0, 0.0, 0.0, 0.0, 0.0, 0.0, 1.0]","[0.0, 0.0, 0.0, 0.0, 0.0, 0.0, 0.0, 0.0, 0.0, 1.0]"
7,5,2.294941701387104,0.09666666666666666,0.01762917933130699,0.009666666666666667,0.1,[0. 0. 0. 0. 0. 0. 0. 0. 0. 1.],"[0.0, 0.0, 0.0, 0.0, 0.0, 0.0, 0.0, 0.0, 0.0, 1.0]","[0.0, 0.0, 0.0, 0.0, 0.0, 0.0, 0.0, 0.0, 0.0, 1.0]"
7,6,2.306264274998715,0.085,0.01566820276497696,0.0085,0.1,[0. 0. 0. 0. 0. 0. 0. 0. 0. 1.],"[0.0, 0.0, 0.0, 0.0, 0.0, 0.0, 0.0, 0.0, 0.0, 1.0]","[0.0, 0.0, 0.0, 0.0, 0.0, 0.0, 0.0, 0.0, 0.0, 1.0]"
7,7,2.301110575073644,0.12166666666666667,0.021693907875185738,0.012166666666666668,0.1,[0. 0. 0. 0. 0. 0. 0. 0. 0. 1.],"[0.0, 0.0, 0.0, 0.0, 0.0, 0.0, 0.0, 0.0, 0.0, 1.0]","[0.0, 0.0, 0.0, 0.0, 0.0, 0.0, 0.0, 0.0, 0.0, 1.0]"
7,8,2.305266493245175,0.09333333333333334,0.01707317073170732,0.009333333333333334,0.1,[0. 0. 0. 0. 0. 0. 0. 0. 0. 1.],"[0.0, 0.0, 0.0, 0.0, 0.0, 0.0, 0.0, 0.0, 0.0, 1.0]","[0.0, 0.0, 0.0, 0.0, 0.0, 0.0, 0.0, 0.0, 0.0, 1.0]"
7,9,2.3035993136857686,0.08666666666666667,0.01595092024539877,0.008666666666666666,0.1,[0. 0. 0. 0. 0. 0. 0. 0. 0. 1.],"[0.0, 0.0, 0.0, 0.0, 0.0, 0.0, 0.0, 0.0, 0.0, 1.0]","[0.0, 0.0, 0.0, 0.0, 0.0, 0.0, 0.0, 0.0, 0.0, 1.0]"
7,10,2.304219132975528,0.09666666666666666,0.01762917933130699,0.009666666666666667,0.1,[0. 0. 0. 0. 0. 0. 0. 0. 0. 1.],"[0.0, 0.0, 0.0, 0.0, 0.0, 0.0, 0.0, 0.0, 0.0, 1.0]","[0.0, 0.0, 0.0, 0.0, 0.0, 0.0, 0.0, 0.0, 0.0, 1.0]"
7,11,2.303194366003338,0.085,0.01566820276497696,0.0085,0.1,[0. 0. 0. 0. 0. 0. 0. 0. 0. 1.],"[0.0, 0.0, 0.0, 0.0, 0.0, 0.0, 0.0, 0.0, 0.0, 1.0]","[0.0, 0.0, 0.0, 0.0, 0.0, 0.0, 0.0, 0.0, 0.0, 1.0]"
7,12,2.301761225650185,0.09,0.016513761467889906,0.009,0.1,[0. 0. 0. 0. 0. 0. 0. 0. 0. 1.],"[0.0, 0.0, 0.0, 0.0, 0.0, 0.0, 0.0, 0.0, 0.0, 1.0]","[0.0, 0.0, 0.0, 0.0, 0.0, 0.0, 0.0, 0.0, 0.0, 1.0]"
7,13,2.304555152591906,0.10666666666666667,0.01927710843373494,0.010666666666666668,0.1,[0. 0. 0. 0. 0. 0. 0. 0. 0. 1.],"[0.0, 0.0, 0.0, 0.0, 0.0, 0.0, 0.0, 0.0, 0.0, 1.0]","[0.0, 0.0, 0.0, 0.0, 0.0, 0.0, 0.0, 0.0, 0.0, 1.0]"
7,14,2.3029382479818246,0.10333333333333333,0.018731117824773415,0.010333333333333333,0.1,[0. 0. 0. 0. 0. 0. 0. 0. 0. 1.],"[0.0, 0.0, 0.0, 0.0, 0.0, 0.0, 0.0, 0.0, 0.0, 1.0]","[0.0, 0.0, 0.0, 0.0, 0.0, 0.0, 0.0, 0.0, 0.0, 1.0]"
7,15,2.2996763241918465,0.10666666666666667,0.01927710843373494,0.010666666666666668,0.1,[0. 0. 0. 0. 0. 0. 0. 0. 0. 1.],"[0.0, 0.0, 0.0, 0.0, 0.0, 0.0, 0.0, 0.0, 0.0, 1.0]","[0.0, 0.0, 0.0, 0.0, 0.0, 0.0, 0.0, 0.0, 0.0, 1.0]"
7,16,2.300555260557877,0.09166666666666666,0.016793893129770993,0.009166666666666667,0.1,[0. 0. 0. 0. 0. 0. 0. 0. 0. 1.],"[0.0, 0.0, 0.0, 0.0, 0.0, 0.0, 0.0, 0.0, 0.0, 1.0]","[0.0, 0.0, 0.0, 0.0, 0.0, 0.0, 0.0, 0.0, 0.0, 1.0]"
7,17,2.3001272113699662,0.09333333333333334,0.01707317073170732,0.009333333333333334,0.1,[0. 0. 0. 0. 0. 0. 0. 0. 0. 1.],"[0.0, 0.0, 0.0, 0.0, 0.0, 0.0, 0.0, 0.0, 0.0, 1.0]","[0.0, 0.0, 0.0, 0.0, 0.0, 0.0, 0.0, 0.0, 0.0, 1.0]"
7,18,2.3005708644264624,0.095,0.017351598173515982,0.0095,0.1,[0. 0. 0. 0. 0. 0. 0. 0. 0. 1.],"[0.0, 0.0, 0.0, 0.0, 0.0, 0.0, 0.0, 0.0, 0.0, 1.0]","[0.0, 0.0, 0.0, 0.0, 0.0, 0.0, 0.0, 0.0, 0.0, 1.0]"
7,19,2.3085880844216597,0.06833333333333333,0.012792511700468018,0.006833333333333333,0.1,[0. 0. 0. 0. 0. 0. 0. 0. 0. 1.],"[0.0, 0.0, 0.0, 0.0, 0.0, 0.0, 0.0, 0.0, 0.0, 1.0]","[0.0, 0.0, 0.0, 0.0, 0.0, 0.0, 0.0, 0.0, 0.0, 1.0]"
8,0,2.3003252242740833,0.125,0.02222222222222222,0.0125,0.1,[0. 1. 0. 0. 0. 0. 0. 0. 0. 0.],"[0.0, 1.0, 0.0, 0.0, 0.0, 0.0, 0.0, 0.0, 0.0, 0.0]","[0.0, 1.0, 0.0, 0.0, 0.0, 0.0, 0.0, 0.0, 0.0, 0.0]"
8,1,2.3028914551985893,0.085,0.01566820276497696,0.0085,0.1,[0. 1. 0. 0. 0. 0. 0. 0. 0. 0.],"[0.0, 1.0, 0.0, 0.0, 0.0, 0.0, 0.0, 0.0, 0.0, 0.0]","[0.0, 1.0, 0.0, 0.0, 0.0, 0.0, 0.0, 0.0, 0.0, 0.0]"
8,2,2.2977952266994275,0.125,0.02222222222222222,0.0125,0.1,[0. 1. 0. 0. 0. 0. 0. 0. 0. 0.],"[0.0, 1.0, 0.0, 0.0, 0.0, 0.0, 0.0, 0.0, 0.0, 0.0]","[0.0, 1.0, 0.0, 0.0, 0.0, 0.0, 0.0, 0.0, 0.0, 0.0]"
8,3,2.2971572687751367,0.115,0.02062780269058296,0.0115,0.1,[0. 1. 0. 0. 0. 0. 0. 0. 0. 0.],"[0.0, 1.0, 0.0, 0.0, 0.0, 0.0, 0.0, 0.0, 0.0, 0.0]","[0.0, 1.0, 0.0, 0.0, 0.0, 0.0, 0.0, 0.0, 0.0, 0.0]"
8,4,2.3046567879225077,0.105,0.019004524886877826,0.010499999999999999,0.1,[0. 1. 0. 0. 0. 0. 0. 0. 0. 0.],"[0.0, 1.0, 0.0, 0.0, 0.0, 0.0, 0.0, 0.0, 0.0, 0.0]","[0.0, 1.0, 0.0, 0.0, 0.0, 0.0, 0.0, 0.0, 0.0, 0.0]"
8,5,2.2982065175708972,0.15166666666666667,0.02633863965267728,0.015166666666666667,0.1,[0. 1. 0. 0. 0. 0. 0. 0. 0. 0.],"[0.0, 1.0, 0.0, 0.0, 0.0, 0.0, 0.0, 0.0, 0.0, 0.0]","[0.0, 1.0, 0.0, 0.0, 0.0, 0.0, 0.0, 0.0, 0.0, 0.0]"
8,6,2.3034926150974475,0.105,0.019004524886877826,0.010499999999999999,0.1,[0. 1. 0. 0. 0. 0. 0. 0. 0. 0.],"[0.0, 1.0, 0.0, 0.0, 0.0, 0.0, 0.0, 0.0, 0.0, 0.0]","[0.0, 1.0, 0.0, 0.0, 0.0, 0.0, 0.0, 0.0, 0.0, 0.0]"
8,7,2.3012753599568416,0.10833333333333334,0.019548872180451128,0.010833333333333334,0.1,[0. 1. 0. 0. 0. 0. 0. 0. 0. 0.],"[0.0, 1.0, 0.0, 0.0, 0.0, 0.0, 0.0, 0.0, 0.0, 0.0]","[0.0, 1.0, 0.0, 0.0, 0.0, 0.0, 0.0, 0.0, 0.0, 0.0]"
8,8,2.304923992407949,0.11333333333333333,0.02035928143712575,0.011333333333333332,0.1,[0. 1. 0. 0. 0. 0. 0. 0. 0. 0.],"[0.0, 1.0, 0.0, 0.0, 0.0, 0.0, 0.0, 0.0, 0.0, 0.0]","[0.0, 1.0, 0.0, 0.0, 0.0, 0.0, 0.0, 0.0, 0.0, 0.0]"
8,9,2.30093851214961,0.11833333333333333,0.021162444113263783,0.011833333333333333,0.1,[0. 1. 0. 0. 0. 0. 0. 0. 0. 0.],"[0.0, 1.0, 0.0, 0.0, 0.0, 0.0, 0.0, 0.0, 0.0, 0.0]","[0.0, 1.0, 0.0, 0.0, 0.0, 0.0, 0.0, 0.0, 0.0, 0.0]"
8,10,2.300311301883898,0.115,0.02062780269058296,0.0115,0.1,[0. 1. 0. 0. 0. 0. 0. 0. 0. 0.],"[0.0, 1.0, 0.0, 0.0, 0.0, 0.0, 0.0, 0.0, 0.0, 0.0]","[0.0, 1.0, 0.0, 0.0, 0.0, 0.0, 0.0, 0.0, 0.0, 0.0]"
8,11,2.3017623612755225,0.115,0.02062780269058296,0.0115,0.1,[0. 1. 0. 0. 0. 0. 0. 0. 0. 0.],"[0.0, 1.0, 0.0, 0.0, 0.0, 0.0, 0.0, 0.0, 0.0, 0.0]","[0.0, 1.0, 0.0, 0.0, 0.0, 0.0, 0.0, 0.0, 0.0, 0.0]"
8,12,2.3012058609410335,0.13166666666666665,0.023269513991163473,0.013166666666666665,0.1,[0. 1. 0. 0. 0. 0. 0. 0. 0. 0.],"[0.0, 1.0, 0.0, 0.0, 0.0, 0.0, 0.0, 0.0, 0.0, 0.0]","[0.0, 1.0, 0.0, 0.0, 0.0, 0.0, 0.0, 0.0, 0.0, 0.0]"
8,13,2.303781427835163,0.11166666666666666,0.020089955022488757,0.011166666666666667,0.1,[0. 1. 0. 0. 0. 0. 0. 0. 0. 0.],"[0.0, 1.0, 0.0, 0.0, 0.0, 0.0, 0.0, 0.0, 0.0, 0.0]","[0.0, 1.0, 0.0, 0.0, 0.0, 0.0, 0.0, 0.0, 0.0, 0.0]"
8,14,2.302987631998564,0.10166666666666667,0.01845688350983359,0.010166666666666668,0.1,[0. 1. 0. 0. 0. 0. 0. 0. 0. 0.],"[0.0, 1.0, 0.0, 0.0, 0.0, 0.0, 0.0, 0.0, 0.0, 0.0]","[0.0, 1.0, 0.0, 0.0, 0.0, 0.0, 0.0, 0.0, 0.0, 0.0]"
8,15,2.2981972192463123,0.11,0.01981981981981982,0.011,0.1,[0. 1. 0. 0. 0. 0. 0. 0. 0. 0.],"[0.0, 1.0, 0.0, 0.0, 0.0, 0.0, 0.0, 0.0, 0.0, 0.0]","[0.0, 1.0, 0.0, 0.0, 0.0, 0.0, 0.0, 0.0, 0.0, 0.0]"
8,16,2.299056341773585,0.13,0.023008849557522127,0.013000000000000001,0.1,[0. 1. 0. 0. 0. 0. 0. 0. 0. 0.],"[0.0, 1.0, 0.0, 0.0, 0.0, 0.0, 0.0, 0.0, 0.0, 0.0]","[0.0, 1.0, 0.0, 0.0, 0.0, 0.0, 0.0, 0.0, 0.0, 0.0]"
8,17,2.3016457683161686,0.125,0.02222222222222222,0.0125,0.1,[0. 1. 0. 0. 0. 0. 0. 0. 0. 0.],"[0.0, 1.0, 0.0, 0.0, 0.0, 0.0, 0.0, 0.0, 0.0, 0.0]","[0.0, 1.0, 0.0, 0.0, 0.0, 0.0, 0.0, 0.0, 0.0, 0.0]"
8,18,2.302355960795754,0.13833333333333334,0.024304538799414348,0.013833333333333333,0.1,[0. 1. 0. 0. 0. 0. 0. 0. 0. 0.],"[0.0, 1.0, 0.0, 0.0, 0.0, 0.0, 0.0, 0.0, 0.0, 0.0]","[0.0, 1.0, 0.0, 0.0, 0.0, 0.0, 0.0, 0.0, 0.0, 0.0]"
8,19,2.308969365923028,0.09833333333333333,0.017905918057663124,0.009833333333333333,0.1,[0. 1. 0. 0. 0. 0. 0. 0. 0. 0.],"[0.0, 1.0, 0.0, 0.0, 0.0, 0.0, 0.0, 0.0, 0.0, 0.0]","[0.0, 1.0, 0.0, 0.0, 0.0, 0.0, 0.0, 0.0, 0.0, 0.0]"
9,0,2.300281003901833,0.105,0.019004524886877826,0.010499999999999999,0.1,[0. 0. 0. 1. 0. 0. 0. 0. 0. 0.],"[0.0, 0.0, 0.0, 1.0, 0.0, 0.0, 0.0, 0.0, 0.0, 0.0]","[0.0, 0.0, 0.0, 1.0, 0.0, 0.0, 0.0, 0.0, 0.0, 0.0]"
9,1,2.3026155358866642,0.13333333333333333,0.023529411764705882,0.013333333333333332,0.1,[0. 0. 0. 1. 0. 0. 0. 0. 0. 0.],"[0.0, 0.0, 0.0, 1.0, 0.0, 0.0, 0.0, 0.0, 0.0, 0.0]","[0.0, 0.0, 0.0, 1.0, 0.0, 0.0, 0.0, 0.0, 0.0, 0.0]"
9,2,2.2988092585613855,0.11666666666666667,0.020895522388059702,0.011666666666666667,0.1,[0. 0. 0. 1. 0. 0. 0. 0. 0. 0.],"[0.0, 0.0, 0.0, 1.0, 0.0, 0.0, 0.0, 0.0, 0.0, 0.0]","[0.0, 0.0, 0.0, 1.0, 0.0, 0.0, 0.0, 0.0, 0.0, 0.0]"
9,3,2.306574350909183,0.095,0.017351598173515982,0.0095,0.1,[0. 0. 0. 1. 0. 0. 0. 0. 0. 0.],"[0.0, 0.0, 0.0, 1.0, 0.0, 0.0, 0.0, 0.0, 0.0, 0.0]","[0.0, 0.0, 0.0, 1.0, 0.0, 0.0, 0.0, 0.0, 0.0, 0.0]"
9,4,2.305550870142485,0.095,0.017351598173515982,0.0095,0.1,[0. 0. 0. 1. 0. 0. 0. 0. 0. 0.],"[0.0, 0.0, 0.0, 1.0, 0.0, 0.0, 0.0, 0.0, 0.0, 0.0]","[0.0, 0.0, 0.0, 1.0, 0.0, 0.0, 0.0, 0.0, 0.0, 0.0]"
9,5,2.301287136579815,0.1,0.01818181818181818,0.01,0.1,[0. 0. 0. 1. 0. 0. 0. 0. 0. 0.],"[0.0, 0.0, 0.0, 1.0, 0.0, 0.0, 0.0, 0.0, 0.0, 0.0]","[0.0, 0.0, 0.0, 1.0, 0.0, 0.0, 0.0, 0.0, 0.0, 0.0]"
9,6,2.30730728726638,0.10833333333333334,0.019548872180451128,0.010833333333333334,0.1,[0. 0. 0. 1. 0. 0. 0. 0. 0. 0.],"[0.0, 0.0, 0.0, 1.0, 0.0, 0.0, 0.0, 0.0, 0.0, 0.0]","[0.0, 0.0, 0.0, 1.0, 0.0, 0.0, 0.0, 0.0, 0.0, 0.0]"
9,7,2.3013787520559212,0.11333333333333333,0.02035928143712575,0.011333333333333332,0.1,[0. 0. 0. 1. 0. 0. 0. 0. 0. 0.],"[0.0, 0.0, 0.0, 1.0, 0.0, 0.0, 0.0, 0.0, 0.0, 0.0]","[0.0, 0.0, 0.0, 1.0, 0.0, 0.0, 0.0, 0.0, 0.0, 0.0]"
9,8,2.3021259684311715,0.09833333333333333,0.017905918057663124,0.009833333333333333,0.1,[0. 0. 0. 1. 0. 0. 0. 0. 0. 0.],"[0.0, 0.0, 0.0, 1.0, 0.0, 0.0, 0.0, 0.0, 0.0, 0.0]","[0.0, 0.0, 0.0, 1.0, 0.0, 0.0, 0.0, 0.0, 0.0, 0.0]"
9,9,2.3010357743815373,0.10666666666666667,0.01927710843373494,0.010666666666666668,0.1,[0. 0. 0. 1. 0. 0. 0. 0. 0. 0.],"[0.0, 0.0, 0.0, 1.0, 0.0, 0.0, 0.0, 0.0, 0.0, 0.0]","[0.0, 0.0, 0.0, 1.0, 0.0, 0.0, 0.0, 0.0, 0.0, 0.0]"
9,10,2.2986391406310234,0.11166666666666666,0.020089955022488757,0.011166666666666667,0.1,[0. 0. 0. 1. 0. 0. 0. 0. 0. 0.],"[0.0, 0.0, 0.0, 1.0, 0.0, 0.0, 0.0, 0.0, 0.0, 0.0]","[0.0, 0.0, 0.0, 1.0, 0.0, 0.0, 0.0, 0.0, 0.0, 0.0]"
9,11,2.302577250882199,0.11166666666666666,0.020089955022488757,0.011166666666666667,0.1,[0. 0. 0. 1. 0. 0. 0. 0. 0. 0.],"[0.0, 0.0, 0.0, 1.0, 0.0, 0.0, 0.0, 0.0, 0.0, 0.0]","[0.0, 0.0, 0.0, 1.0, 0.0, 0.0, 0.0, 0.0, 0.0, 0.0]"
9,12,2.301181429310849,0.10833333333333334,0.019548872180451128,0.010833333333333334,0.1,[0. 0. 0. 1. 0. 0. 0. 0. 0. 0.],"[0.0, 0.0, 0.0, 1.0, 0.0, 0.0, 0.0, 0.0, 0.0, 0.0]","[0.0, 0.0, 0.0, 1.0, 0.0, 0.0, 0.0, 0.0, 0.0, 0.0]"
9,13,2.3039621993115076,0.09333333333333334,0.01707317073170732,0.009333333333333334,0.1,[0. 0. 0. 1. 0. 0. 0. 0. 0. 0.],"[0.0, 0.0, 0.0, 1.0, 0.0, 0.0, 0.0, 0.0, 0.0, 0.0]","[0.0, 0.0, 0.0, 1.0, 0.0, 0.0, 0.0, 0.0, 0.0, 0.0]"
9,14,2.303961251911364,0.09833333333333333,0.017905918057663124,0.009833333333333333,0.1,[0. 0. 0. 1. 0. 0. 0. 0. 0. 0.],"[0.0, 0.0, 0.0, 1.0, 0.0, 0.0, 0.0, 0.0, 0.0, 0.0]","[0.0, 0.0, 0.0, 1.0, 0.0, 0.0, 0.0, 0.0, 0.0, 0.0]"
9,15,2.3041113677777743,0.11666666666666667,0.020895522388059702,0.011666666666666667,0.1,[0. 0. 0. 1. 0. 0. 0. 0. 0. 0.],"[0.0, 0.0, 0.0, 1.0, 0.0, 0.0, 0.0, 0.0, 0.0, 0.0]","[0.0, 0.0, 0.0, 1.0, 0.0, 0.0, 0.0, 0.0, 0.0, 0.0]"
9,16,2.3028968572616577,0.11,0.01981981981981982,0.011,0.1,[0. 0. 0. 1. 0. 0. 0. 0. 0. 0.],"[0.0, 0.0, 0.0, 1.0, 0.0, 0.0, 0.0, 0.0, 0.0, 0.0]","[0.0, 0.0, 0.0, 1.0, 0.0, 0.0, 0.0, 0.0, 0.0, 0.0]"
9,17,2.3014489851499857,0.10333333333333333,0.018731117824773415,0.010333333333333333,0.1,[0. 0. 0. 1. 0. 0. 0. 0. 0. 0.],"[0.0, 0.0, 0.0, 1.0, 0.0, 0.0, 0.0, 0.0, 0.0, 0.0]","[0.0, 0.0, 0.0, 1.0, 0.0, 0.0, 0.0, 0.0, 0.0, 0.0]"
9,18,2.3024115562438965,0.09166666666666666,0.016793893129770993,0.009166666666666667,0.1,[0. 0. 0. 1. 0. 0. 0. 0. 0. 0.],"[0.0, 0.0, 0.0, 1.0, 0.0, 0.0, 0.0, 0.0, 0.0, 0.0]","[0.0, 0.0, 0.0, 1.0, 0.0, 0.0, 0.0, 0.0, 0.0, 0.0]"
9,19,2.3119374199917444,0.08333333333333333,0.015384615384615385,0.008333333333333333,0.1,[0. 0. 0. 1. 0. 0. 0. 0. 0. 0.],"[0.0, 0.0, 0.0, 1.0, 0.0, 0.0, 0.0, 0.0, 0.0, 0.0]","[0.0, 0.0, 0.0, 1.0, 0.0, 0.0, 0.0, 0.0, 0.0, 0.0]"
10,0,2.2983913296147396,0.125,0.02222222222222222,0.0125,0.1,[0. 1. 0. 0. 0. 0. 0. 0. 0. 0.],"[0.0, 1.0, 0.0, 0.0, 0.0, 0.0, 0.0, 0.0, 0.0, 0.0]","[0.0, 1.0, 0.0, 0.0, 0.0, 0.0, 0.0, 0.0, 0.0, 0.0]"
10,1,2.3103980202423897,0.085,0.01566820276497696,0.0085,0.1,[0. 1. 0. 0. 0. 0. 0. 0. 0. 0.],"[0.0, 1.0, 0.0, 0.0, 0.0, 0.0, 0.0, 0.0, 0.0, 0.0]","[0.0, 1.0, 0.0, 0.0, 0.0, 0.0, 0.0, 0.0, 0.0, 0.0]"
10,2,2.293308452556008,0.125,0.02222222222222222,0.0125,0.1,[0. 1. 0. 0. 0. 0. 0. 0. 0. 0.],"[0.0, 1.0, 0.0, 0.0, 0.0, 0.0, 0.0, 0.0, 0.0, 0.0]","[0.0, 1.0, 0.0, 0.0, 0.0, 0.0, 0.0, 0.0, 0.0, 0.0]"
10,3,2.29563517946946,0.115,0.02062780269058296,0.0115,0.1,[0. 1. 0. 0. 0. 0. 0. 0. 0. 0.],"[0.0, 1.0, 0.0, 0.0, 0.0, 0.0, 0.0, 0.0, 0.0, 0.0]","[0.0, 1.0, 0.0, 0.0, 0.0, 0.0, 0.0, 0.0, 0.0, 0.0]"
10,4,2.3077999980826127,0.105,0.019004524886877826,0.010499999999999999,0.1,[0. 1. 0. 0. 0. 0. 0. 0. 0. 0.],"[0.0, 1.0, 0.0, 0.0, 0.0, 0.0, 0.0, 0.0, 0.0, 0.0]","[0.0, 1.0, 0.0, 0.0, 0.0, 0.0, 0.0, 0.0, 0.0, 0.0]"
10,5,2.290032010329397,0.15166666666666667,0.02633863965267728,0.015166666666666667,0.1,[0. 1. 0. 0. 0. 0. 0. 0. 0. 0.],"[0.0, 1.0, 0.0, 0.0, 0.0, 0.0, 0.0, 0.0, 0.0, 0.0]","[0.0, 1.0, 0.0, 0.0, 0.0, 0.0, 0.0, 0.0, 0.0, 0.0]"
10,6,2.307989396547016,0.105,0.019004524886877826,0.010499999999999999,0.1,[0. 1. 0. 0. 0. 0. 0. 0. 0. 0.],"[0.0, 1.0, 0.0, 0.0, 0.0, 0.0, 0.0, 0.0, 0.0, 0.0]","[0.0, 1.0, 0.0, 0.0, 0.0, 0.0, 0.0, 0.0, 0.0, 0.0]"
10,7,2.3045124003761694,0.10833333333333334,0.019548872180451128,0.010833333333333334,0.1,[0. 1. 0. 0. 0. 0. 0. 0. 0. 0.],"[0.0, 1.0, 0.0, 0.0, 0.0, 0.0, 0.0, 0.0, 0.0, 0.0]","[0.0, 1.0, 0.0, 0.0, 0.0, 0.0, 0.0, 0.0, 0.0, 0.0]"
10,8,2.3053025571923507,0.11333333333333333,0.02035928143712575,0.011333333333333332,0.1,[0. 1. 0. 0. 0. 0. 0. 0. 0. 0.],"[0.0, 1.0, 0.0, 0.0, 0.0, 0.0, 0.0, 0.0, 0.0, 0.0]","[0.0, 1.0, 0.0, 0.0, 0.0, 0.0, 0.0, 0.0, 0.0, 0.0]"
10,9,2.3007412082270573,0.11833333333333333,0.021162444113263783,0.011833333333333333,0.1,[0. 1. 0. 0. 0. 0. 0. 0. 0. 0.],"[0.0, 1.0, 0.0, 0.0, 0.0, 0.0, 0.0, 0.0, 0.0, 0.0]","[0.0, 1.0, 0.0, 0.0, 0.0, 0.0, 0.0, 0.0, 0.0, 0.0]"
10,10,2.3047950079566553,0.115,0.02062780269058296,0.0115,0.1,[0. 1. 0. 0. 0. 0. 0. 0. 0. 0.],"[0.0, 1.0, 0.0, 0.0, 0.0, 0.0, 0.0, 0.0, 0.0, 0.0]","[0.0, 1.0, 0.0, 0.0, 0.0, 0.0, 0.0, 0.0, 0.0, 0.0]"
10,11,2.3024811493723014,0.115,0.02062780269058296,0.0115,0.1,[0. 1. 0. 0. 0. 0. 0. 0. 0. 0.],"[0.0, 1.0, 0.0, 0.0, 0.0, 0.0, 0.0, 0.0, 0.0, 0.0]","[0.0, 1.0, 0.0, 0.0, 0.0, 0.0, 0.0, 0.0, 0.0, 0.0]"
10,12,2.298730229076586,0.13166666666666665,0.023269513991163473,0.013166666666666665,0.1,[0. 1. 0. 0. 0. 0. 0. 0. 0. 0.],"[0.0, 1.0, 0.0, 0.0, 0.0, 0.0, 0.0, 0.0, 0.0, 0.0]","[0.0, 1.0, 0.0, 0.0, 0.0, 0.0, 0.0, 0.0, 0.0, 0.0]"
10,13,2.305627659747475,0.11166666666666666,0.020089955022488757,0.011166666666666667,0.1,[0. 1. 0. 0. 0. 0. 0. 0. 0. 0.],"[0.0, 1.0, 0.0, 0.0, 0.0, 0.0, 0.0, 0.0, 0.0, 0.0]","[0.0, 1.0, 0.0, 0.0, 0.0, 0.0, 0.0, 0.0, 0.0, 0.0]"
10,14,2.3077160496460762,0.10166666666666667,0.01845688350983359,0.010166666666666668,0.1,[0. 1. 0. 0. 0. 0. 0. 0. 0. 0.],"[0.0, 1.0, 0.0, 0.0, 0.0, 0.0, 0.0, 0.0, 0.0, 0.0]","[0.0, 1.0, 0.0, 0.0, 0.0, 0.0, 0.0, 0.0, 0.0, 0.0]"
10,15,2.302296807891444,0.11,0.01981981981981982,0.011,0.1,[0. 1. 0. 0. 0. 0. 0. 0. 0. 0.],"[0.0, 1.0, 0.0, 0.0, 0.0, 0.0, 0.0, 0.0, 0.0, 0.0]","[0.0, 1.0, 0.0, 0.0, 0.0, 0.0, 0.0, 0.0, 0.0, 0.0]"
10,16,2.2985352277755737,0.13,0.023008849557522127,0.013000000000000001,0.1,[0. 1. 0. 0. 0. 0. 0. 0. 0. 0.],"[0.0, 1.0, 0.0, 0.0, 0.0, 0.0, 0.0, 0.0, 0.0, 0.0]","[0.0, 1.0, 0.0, 0.0, 0.0, 0.0, 0.0, 0.0, 0.0, 0.0]"
10,17,2.298790034494902,0.125,0.02222222222222222,0.0125,0.1,[0. 1. 0. 0. 0. 0. 0. 0. 0. 0.],"[0.0, 1.0, 0.0, 0.0, 0.0, 0.0, 0.0, 0.0, 0.0, 0.0]","[0.0, 1.0, 0.0, 0.0, 0.0, 0.0, 0.0, 0.0, 0.0, 0.0]"
10,18,2.2978542164752356,0.13833333333333334,0.024304538799414348,0.013833333333333333,0.1,[0. 1. 0. 0. 0. 0. 0. 0. 0. 0.],"[0.0, 1.0, 0.0, 0.0, 0.0, 0.0, 0.0, 0.0, 0.0, 0.0]","[0.0, 1.0, 0.0, 0.0, 0.0, 0.0, 0.0, 0.0, 0.0, 0.0]"
10,19,2.3116027744192826,0.09833333333333333,0.017905918057663124,0.009833333333333333,0.1,[0. 1. 0. 0. 0. 0. 0. 0. 0. 0.],"[0.0, 1.0, 0.0, 0.0, 0.0, 0.0, 0.0, 0.0, 0.0, 0.0]","[0.0, 1.0, 0.0, 0.0, 0.0, 0.0, 0.0, 0.0, 0.0, 0.0]"
11,0,2.2973532551213314,0.125,0.02222222222222222,0.0125,0.1,[0. 1. 0. 0. 0. 0. 0. 0. 0. 0.],"[0.0, 1.0, 0.0, 0.0, 0.0, 0.0, 0.0, 0.0, 0.0, 0.0]","[0.0, 1.0, 0.0, 0.0, 0.0, 0.0, 0.0, 0.0, 0.0, 0.0]"
11,1,2.304174260089272,0.085,0.01566820276497696,0.0085,0.1,[0. 1. 0. 0. 0. 0. 0. 0. 0. 0.],"[0.0, 1.0, 0.0, 0.0, 0.0, 0.0, 0.0, 0.0, 0.0, 0.0]","[0.0, 1.0, 0.0, 0.0, 0.0, 0.0, 0.0, 0.0, 0.0, 0.0]"
11,2,2.294177864727221,0.125,0.02222222222222222,0.0125,0.1,[0. 1. 0. 0. 0. 0. 0. 0. 0. 0.],"[0.0, 1.0, 0.0, 0.0, 0.0, 0.0, 0.0, 0.0, 0.0, 0.0]","[0.0, 1.0, 0.0, 0.0, 0.0, 0.0, 0.0, 0.0, 0.0, 0.0]"
11,3,2.2953844760593616,0.115,0.02062780269058296,0.0115,0.1,[0. 1. 0. 0. 0. 0. 0. 0. 0. 0.],"[0.0, 1.0, 0.0, 0.0, 0.0, 0.0, 0.0, 0.0, 0.0, 0.0]","[0.0, 1.0, 0.0, 0.0, 0.0, 0.0, 0.0, 0.0, 0.0, 0.0]"
11,4,2.3044977501819006,0.105,0.019004524886877826,0.010499999999999999,0.1,[0. 1. 0. 0. 0. 0. 0. 0. 0. 0.],"[0.0, 1.0, 0.0, 0.0, 0.0, 0.0, 0.0, 0.0, 0.0, 0.0]","[0.0, 1.0, 0.0, 0.0, 0.0, 0.0, 0.0, 0.0, 0.0, 0.0]"
11,5,2.2952981057919954,0.15166666666666667,0.02633863965267728,0.015166666666666667,0.1,[0. 1. 0. 0. 0. 0. 0. 0. 0. 0.],"[0.0, 1.0, 0.0, 0.0, 0.0, 0.0, 0.0, 0.0, 0.0, 0.0]","[0.0, 1.0, 0.0, 0.0, 0.0, 0.0, 0.0, 0.0, 0.0, 0.0]"
11,6,2.304687976837158,0.105,0.019004524886877826,0.010499999999999999,0.1,[0. 1. 0. 0. 0. 0. 0. 0. 0. 0.],"[0.0, 1.0, 0.0, 0.0, 0.0, 0.0, 0.0, 0.0, 0.0, 0.0]","[0.0, 1.0, 0.0, 0.0, 0.0, 0.0, 0.0, 0.0, 0.0, 0.0]"
11,7,2.3021677356017265,0.10833333333333334,0.019548872180451128,0.010833333333333334,0.1,[0. 1. 0. 0. 0. 0. 0. 0. 0. 0.],"[0.0, 1.0, 0.0, 0.0, 0.0, 0.0, 0.0, 0.0, 0.0, 0.0]","[0.0, 1.0, 0.0, 0.0, 0.0, 0.0, 0.0, 0.0, 0.0, 0.0]"
11,8,2.3026621655413977,0.11333333333333333,0.02035928143712575,0.011333333333333332,0.1,[0. 1. 0. 0. 0. 0. 0. 0. 0. 0.],"[0.0, 1.0, 0.0, 0.0, 0.0, 0.0, 0.0, 0.0, 0.0, 0.0]","[0.0, 1.0, 0.0, 0.0, 0.0, 0.0, 0.0, 0.0, 0.0, 0.0]"
11,9,2.298790718379774,0.11833333333333333,0.021162444113263783,0.011833333333333333,0.1,[0. 1. 0. 0. 0. 0. 0. 0. 0. 0.],"[0.0, 1.0, 0.0, 0.0, 0.0, 0.0, 0.0, 0.0, 0.0, 0.0]","[0.0, 1.0, 0.0, 0.0, 0.0, 0.0, 0.0, 0.0, 0.0, 0.0]"
11,10,2.3038562034305774,0.115,0.02062780269058296,0.0115,0.1,[0. 1. 0. 0. 0. 0. 0. 0. 0. 0.],"[0.0, 1.0, 0.0, 0.0, 0.0, 0.0, 0.0, 0.0, 0.0, 0.0]","[0.0, 1.0, 0.0, 0.0, 0.0, 0.0, 0.0, 0.0, 0.0, 0.0]"
11,11,2.3011533210152075,0.115,0.02062780269058296,0.0115,0.1,[0. 1. 0. 0. 0. 0. 0. 0. 0. 0.],"[0.0, 1.0, 0.0, 0.0, 0.0, 0.0, 0.0, 0.0, 0.0, 0.0]","[0.0, 1.0, 0.0, 0.0, 0.0, 0.0, 0.0, 0.0, 0.0, 0.0]"
11,12,2.3001275878203544,0.13166666666666665,0.023269513991163473,0.013166666666666665,0.1,[0. 1. 0. 0. 0. 0. 0. 0. 0. 0.],"[0.0, 1.0, 0.0, 0.0, 0.0, 0.0, 0.0, 0.0, 0.0, 0.0]","[0.0, 1.0, 0.0, 0.0, 0.0, 0.0, 0.0, 0.0, 0.0, 0.0]"
11,13,2.304379563582571,0.11166666666666666,0.020089955022488757,0.011166666666666667,0.1,[0. 1. 0. 0. 0. 0. 0. 0. 0. 0.],"[0.0, 1.0, 0.0, 0.0, 0.0, 0.0, 0.0, 0.0, 0.0, 0.0]","[0.0, 1.0, 0.0, 0.0, 0.0, 0.0, 0.0, 0.0, 0.0, 0.0]"
11,14,2.303817021219354,0.10166666666666667,0.01845688350983359,0.010166666666666668,0.1,[0. 1. 0. 0. 0. 0. 0. 0. 0. 0.],"[0.0, 1.0, 0.0, 0.0, 0.0, 0.0, 0.0, 0.0, 0.0, 0.0]","[0.0, 1.0, 0.0, 0.0, 0.0, 0.0, 0.0, 0.0, 0.0, 0.0]"
11,15,2.3004449731425236,0.11,0.01981981981981982,0.011,0.1,[0. 1. 0. 0. 0. 0. 0. 0. 0. 0.],"[0.0, 1.0, 0.0, 0.0, 0.0, 0.0, 0.0, 0.0, 0.0, 0.0]","[0.0, 1.0, 0.0, 0.0, 0.0, 0.0, 0.0, 0.0, 0.0, 0.0]"
11,16,2.299764877871463,0.13,0.023008849557522127,0.013000000000000001,0.1,[0. 1. 0. 0. 0. 0. 0. 0. 0. 0.],"[0.0, 1.0, 0.0, 0.0, 0.0, 0.0, 0.0, 0.0, 0.0, 0.0]","[0.0, 1.0, 0.0, 0.0, 0.0, 0.0, 0.0, 0.0, 0.0, 0.0]"
11,17,2.2991654872894287,0.125,0.02222222222222222,0.0125,0.1,[0. 1. 0. 0. 0. 0. 0. 0. 0. 0.],"[0.0, 1.0, 0.0, 0.0, 0.0, 0.0, 0.0, 0.0, 0.0, 0.0]","[0.0, 1.0, 0.0, 0.0, 0.0, 0.0, 0.0, 0.0, 0.0, 0.0]"
11,18,2.30059846451408,0.13833333333333334,0.024304538799414348,0.013833333333333333,0.1,[0. 1. 0. 0. 0. 0. 0. 0. 0. 0.],"[0.0, 1.0, 0.0, 0.0, 0.0, 0.0, 0.0, 0.0, 0.0, 0.0]","[0.0, 1.0, 0.0, 0.0, 0.0, 0.0, 0.0, 0.0, 0.0, 0.0]"
11,19,2.306985114750109,0.09833333333333333,0.017905918057663124,0.009833333333333333,0.1,[0. 1. 0. 0. 0. 0. 0. 0. 0. 0.],"[0.0, 1.0, 0.0, 0.0, 0.0, 0.0, 0.0, 0.0, 0.0, 0.0]","[0.0, 1.0, 0.0, 0.0, 0.0, 0.0, 0.0, 0.0, 0.0, 0.0]"
12,0,2.3047927555285,0.08666666666666667,0.01595092024539877,0.008666666666666666,0.1,[1. 0. 0. 0. 0. 0. 0. 0. 0. 0.],"[1.0, 0.0, 0.0, 0.0, 0.0, 0.0, 0.0, 0.0, 0.0, 0.0]","[1.0, 0.0, 0.0, 0.0, 0.0, 0.0, 0.0, 0.0, 0.0, 0.0]"
12,1,2.3007103330210636,0.10833333333333334,0.019548872180451128,0.010833333333333334,0.1,[1. 0. 0. 0. 0. 0. 0. 0. 0. 0.],"[1.0, 0.0, 0.0, 0.0, 0.0, 0.0, 0.0, 0.0, 0.0, 0.0]","[1.0, 0.0, 0.0, 0.0, 0.0, 0.0, 0.0, 0.0, 0.0, 0.0]"
12,2,2.2991001731471012,0.095,0.017351598173515982,0.0095,0.1,[1. 0. 0. 0. 0. 0. 0. 0. 0. 0.],"[1.0, 0.0, 0.0, 0.0, 0.0, 0.0, 0.0, 0.0, 0.0, 0.0]","[1.0, 0.0, 0.0, 0.0, 0.0, 0.0, 0.0, 0.0, 0.0, 0.0]"
12,3,2.2979821531396163,0.10833333333333334,0.019548872180451128,0.010833333333333334,0.1,[1. 0. 0. 0. 0. 0. 0. 0. 0. 0.],"[1.0, 0.0, 0.0, 0.0, 0.0, 0.0, 0.0, 0.0, 0.0, 0.0]","[1.0, 0.0, 0.0, 0.0, 0.0, 0.0, 0.0, 0.0, 0.0, 0.0]"
12,4,2.3080048686579655,0.08666666666666667,0.01595092024539877,0.008666666666666666,0.1,[1. 0. 0. 0. 0. 0. 0. 0. 0. 0.],"[1.0, 0.0, 0.0, 0.0, 0.0, 0.0, 0.0, 0.0, 0.0, 0.0]","[1.0, 0.0, 0.0, 0.0, 0.0, 0.0, 0.0, 0.0, 0.0, 0.0]"
12,5,2.2946310608010543,0.115,0.02062780269058296,0.0115,0.1,[1. 0. 0. 0. 0. 0. 0. 0. 0. 0.],"[1.0, 0.0, 0.0, 0.0, 0.0, 0.0, 0.0, 0.0, 0.0, 0.0]","[1.0, 0.0, 0.0, 0.0, 0.0, 0.0, 0.0, 0.0, 0.0, 0.0]"
12,6,2.3064400145882056,0.1,0.01818181818181818,0.01,0.1,[1. 0. 0. 0. 0. 0. 0. 0. 0. 0.],"[1.0, 0.0, 0.0, 0.0, 0.0, 0.0, 0.0, 0.0, 0.0, 0.0]","[1.0, 0.0, 0.0, 0.0, 0.0, 0.0, 0.0, 0.0, 0.0, 0.0]"
12,7,2.3051850168328536,0.09166666666666666,0.016793893129770993,0.009166666666666667,0.1,[1. 0. 0. 0. 0. 0. 0. 0. 0. 0.],"[1.0, 0.0, 0.0, 0.0, 0.0, 0.0, 0.0, 0.0, 0.0, 0.0]","[1.0, 0.0, 0.0, 0.0, 0.0, 0.0, 0.0, 0.0, 0.0, 0.0]"
12,8,2.3070042823490344,0.09,0.016513761467889906,0.009,0.1,[1. 0. 0. 0. 0. 0. 0. 0. 0. 0.],"[1.0, 0.0, 0.0, 0.0, 0.0, 0.0, 0.0, 0.0, 0.0, 0.0]","[1.0, 0.0, 0.0, 0.0, 0.0, 0.0, 0.0, 0.0, 0.0, 0.0]"
12,9,2.3020635341343128,0.10333333333333333,0.018731117824773415,0.010333333333333333,0.1,[1. 0. 0. 0. 0. 0. 0. 0. 0. 0.],"[1.0, 0.0, 0.0, 0.0, 0.0, 0.0, 0.0, 0.0, 0.0, 0.0]","[1.0, 0.0, 0.0, 0.0, 0.0, 0.0, 0.0, 0.0, 0.0, 0.0]"
12,10,2.303939618562397,0.06833333333333333,0.012792511700468018,0.006833333333333333,0.1,[1. 0. 0. 0. 0. 0. 0. 0. 0. 0.],"[1.0, 0.0, 0.0, 0.0, 0.0, 0.0, 0.0, 0.0, 0.0, 0.0]","[1.0, 0.0, 0.0, 0.0, 0.0, 0.0, 0.0, 0.0, 0.0, 0.0]"
12,11,2.300486307395132,0.09666666666666666,0.01762917933130699,0.009666666666666667,0.1,[1. 0. 0. 0. 0. 0. 0. 0. 0. 0.],"[1.0, 0.0, 0.0, 0.0, 0.0, 0.0, 0.0, 0.0, 0.0, 0.0]","[1.0, 0.0, 0.0, 0.0, 0.0, 0.0, 0.0, 0.0, 0.0, 0.0]"
12,12,2.3043892760025826,0.09,0.016513761467889906,0.009,0.1,[1. 0. 0. 0. 0. 0. 0. 0. 0. 0.],"[1.0, 0.0, 0.0, 0.0, 0.0, 0.0, 0.0, 0.0, 0.0, 0.0]","[1.0, 0.0, 0.0, 0.0, 0.0, 0.0, 0.0, 0.0, 0.0, 0.0]"
12,13,2.3067107137880827,0.075,0.013953488372093023,0.0075,0.1,[1. 0. 0. 0. 0. 0. 0. 0. 0. 0.],"[1.0, 0.0, 0.0, 0.0, 0.0, 0.0, 0.0, 0.0, 0.0, 0.0]","[1.0, 0.0, 0.0, 0.0, 0.0, 0.0, 0.0, 0.0, 0.0, 0.0]"
12,14,2.302244544029236,0.1,0.01818181818181818,0.01,0.1,[1. 0. 0. 0. 0. 0. 0. 0. 0. 0.],"[1.0, 0.0, 0.0, 0.0, 0.0, 0.0, 0.0, 0.0, 0.0, 0.0]","[1.0, 0.0, 0.0, 0.0, 0.0, 0.0, 0.0, 0.0, 0.0, 0.0]"
12,15,2.300075756876092,0.10333333333333333,0.018731117824773415,0.010333333333333333,0.1,[1. 0. 0. 0. 0. 0. 0. 0. 0. 0.],"[1.0, 0.0, 0.0, 0.0, 0.0, 0.0, 0.0, 0.0, 0.0, 0.0]","[1.0, 0.0, 0.0, 0.0, 0.0, 0.0, 0.0, 0.0, 0.0, 0.0]"
12,16,2.3006158439736617,0.095,0.017351598173515982,0.0095,0.1,[1. 0. 0. 0. 0. 0. 0. 0. 0. 0.],"[1.0, 0.0, 0.0, 0.0, 0.0, 0.0, 0.0, 0.0, 0.0, 0.0]","[1.0, 0.0, 0.0, 0.0, 0.0, 0.0, 0.0, 0.0, 0.0, 0.0]"
12,17,2.2985712478035376,0.10666666666666667,0.01927710843373494,0.010666666666666668,0.1,[1. 0. 0. 0. 0. 0. 0. 0. 0. 0.],"[1.0, 0.0, 0.0, 0.0, 0.0, 0.0, 0.0, 0.0, 0.0, 0.0]","[1.0, 0.0, 0.0, 0.0, 0.0, 0.0, 0.0, 0.0, 0.0, 0.0]"
12,18,2.301408046170285,0.09,0.016513761467889906,0.009,0.1,[1. 0. 0. 0. 0. 0. 0. 0. 0. 0.],"[1.0, 0.0, 0.0, 0.0, 0.0, 0.0, 0.0, 0.0, 0.0, 0.0]","[1.0, 0.0, 0.0, 0.0, 0.0, 0.0, 0.0, 0.0, 0.0, 0.0]"
12,19,2.3068650270763196,0.11333333333333333,0.02035928143712575,0.011333333333333332,0.1,[1. 0. 0. 0. 0. 0. 0. 0. 0. 0.],"[1.0, 0.0, 0.0, 0.0, 0.0, 0.0, 0.0, 0.0, 0.0, 0.0]","[1.0, 0.0, 0.0, 0.0, 0.0, 0.0, 0.0, 0.0, 0.0, 0.0]"
13,0,2.3013700372294377,0.125,0.02222222222222222,0.0125,0.1,[0. 1. 0. 0. 0. 0. 0. 0. 0. 0.],"[0.0, 1.0, 0.0, 0.0, 0.0, 0.0, 0.0, 0.0, 0.0, 0.0]","[0.0, 1.0, 0.0, 0.0, 0.0, 0.0, 0.0, 0.0, 0.0, 0.0]"
13,1,2.306686696253325,0.085,0.01566820276497696,0.0085,0.1,[0. 1. 0. 0. 0. 0. 0. 0. 0. 0.],"[0.0, 1.0, 0.0, 0.0, 0.0, 0.0, 0.0, 0.0, 0.0, 0.0]","[0.0, 1.0, 0.0, 0.0, 0.0, 0.0, 0.0, 0.0, 0.0, 0.0]"
13,2,2.300430831156279,0.125,0.02222222222222222,0.0125,0.1,[0. 1. 0. 0. 0. 0. 0. 0. 0. 0.],"[0.0, 1.0, 0.0, 0.0, 0.0, 0.0, 0.0, 0.0, 0.0, 0.0]","[0.0, 1.0, 0.0, 0.0, 0.0, 0.0, 0.0, 0.0, 0.0, 0.0]"
13,3,2.305160716960305,0.115,0.02062780269058296,0.0115,0.1,[0. 1. 0. 0. 0. 0. 0. 0. 0. 0.],"[0.0, 1.0, 0.0, 0.0, 0.0, 0.0, 0.0, 0.0, 0.0, 0.0]","[0.0, 1.0, 0.0, 0.0, 0.0, 0.0, 0.0, 0.0, 0.0, 0.0]"
13,4,2.3066198637610986,0.105,0.019004524886877826,0.010499999999999999,0.1,[0. 1. 0. 0. 0. 0. 0. 0. 0. 0.],"[0.0, 1.0, 0.0, 0.0, 0.0, 0.0, 0.0, 0.0, 0.0, 0.0]","[0.0, 1.0, 0.0, 0.0, 0.0, 0.0, 0.0, 0.0, 0.0, 0.0]"
13,5,2.2973953297263696,0.15166666666666667,0.02633863965267728,0.015166666666666667,0.1,[0. 1. 0. 0. 0. 0. 0. 0. 0. 0.],"[0.0, 1.0, 0.0, 0.0, 0.0, 0.0, 0.0, 0.0, 0.0, 0.0]","[0.0, 1.0, 0.0, 0.0, 0.0, 0.0, 0.0, 0.0, 0.0, 0.0]"
13,6,2.3082289695739746,0.105,0.019004524886877826,0.010499999999999999,0.1,[0. 1. 0. 0. 0. 0. 0. 0. 0. 0.],"[0.0, 1.0, 0.0, 0.0, 0.0, 0.0, 0.0, 0.0, 0.0, 0.0]","[0.0, 1.0, 0.0, 0.0, 0.0, 0.0, 0.0, 0.0, 0.0, 0.0]"
13,7,2.3057848089619686,0.10833333333333334,0.019548872180451128,0.010833333333333334,0.1,[0. 1. 0. 0. 0. 0. 0. 0. 0. 0.],"[0.0, 1.0, 0.0, 0.0, 0.0, 0.0, 0.0, 0.0, 0.0, 0.0]","[0.0, 1.0, 0.0, 0.0, 0.0, 0.0, 0.0, 0.0, 0.0, 0.0]"
13,8,2.3023347729130794,0.11333333333333333,0.02035928143712575,0.011333333333333332,0.1,[0. 1. 0. 0. 0. 0. 0. 0. 0. 0.],"[0.0, 1.0, 0.0, 0.0, 0.0, 0.0, 0.0, 0.0, 0.0, 0.0]","[0.0, 1.0, 0.0, 0.0, 0.0, 0.0, 0.0, 0.0, 0.0, 0.0]"
13,9,2.30072788188332,0.11833333333333333,0.021162444113263783,0.011833333333333333,0.1,[0. 1. 0. 0. 0. 0. 0. 0. 0. 0.],"[0.0, 1.0, 0.0, 0.0, 0.0, 0.0, 0.0, 0.0, 0.0, 0.0]","[0.0, 1.0, 0.0, 0.0, 0.0, 0.0, 0.0, 0.0, 0.0, 0.0]"
13,10,2.3009513240111503,0.115,0.02062780269058296,0.0115,0.1,[0. 1. 0. 0. 0. 0. 0. 0. 0. 0.],"[0.0, 1.0, 0.0, 0.0, 0.0, 0.0, 0.0, 0.0, 0.0, 0.0]","[0.0, 1.0, 0.0, 0.0, 0.0, 0.0, 0.0, 0.0, 0.0, 0.0]"
13,11,2.3013671448356225,0.115,0.02062780269058296,0.0115,0.1,[0. 1. 0. 0. 0. 0. 0. 0. 0. 0.],"[0.0, 1.0, 0.0, 0.0, 0.0, 0.0, 0.0, 0.0, 0.0, 0.0]","[0.0, 1.0, 0.0, 0.0, 0.0, 0.0, 0.0, 0.0, 0.0, 0.0]"
13,12,2.303255551739743,0.13166666666666665,0.023269513991163473,0.013166666666666665,0.1,[0. 1. 0. 0. 0. 0. 0. 0. 0. 0.],"[0.0, 1.0, 0.0, 0.0, 0.0, 0.0, 0.0, 0.0, 0.0, 0.0]","[0.0, 1.0, 0.0, 0.0, 0.0, 0.0, 0.0, 0.0, 0.0, 0.0]"
13,13,2.303440545734606,0.11166666666666666,0.020089955022488757,0.011166666666666667,0.1,[0. 1. 0. 0. 0. 0. 0. 0. 0. 0.],"[0.0, 1.0, 0.0, 0.0, 0.0, 0.0, 0.0, 0.0, 0.0, 0.0]","[0.0, 1.0, 0.0, 0.0, 0.0, 0.0, 0.0, 0.0, 0.0, 0.0]"
13,14,2.3026969558314274,0.10166666666666667,0.01845688350983359,0.010166666666666668,0.1,[0. 1. 0. 0. 0. 0. 0. 0. 0. 0.],"[0.0, 1.0, 0.0, 0.0, 0.0, 0.0, 0.0, 0.0, 0.0, 0.0]","[0.0, 1.0, 0.0, 0.0, 0.0, 0.0, 0.0, 0.0, 0.0, 0.0]"
13,15,2.306986080972772,0.11,0.01981981981981982,0.011,0.1,[0. 1. 0. 0. 0. 0. 0. 0. 0. 0.],"[0.0, 1.0, 0.0, 0.0, 0.0, 0.0, 0.0, 0.0, 0.0, 0.0]","[0.0, 1.0, 0.0, 0.0, 0.0, 0.0, 0.0, 0.0, 0.0, 0.0]"
13,16,2.3038279131839148,0.13,0.023008849557522127,0.013000000000000001,0.1,[0. 1. 0. 0. 0. 0. 0. 0. 0. 0.],"[0.0, 1.0, 0.0, 0.0, 0.0, 0.0, 0.0, 0.0, 0.0, 0.0]","[0.0, 1.0, 0.0, 0.0, 0.0, 0.0, 0.0, 0.0, 0.0, 0.0]"
13,17,2.298836256328382,0.125,0.02222222222222222,0.0125,0.1,[0. 1. 0. 0. 0. 0. 0. 0. 0. 0.],"[0.0, 1.0, 0.0, 0.0, 0.0, 0.0, 0.0, 0.0, 0.0, 0.0]","[0.0, 1.0, 0.0, 0.0, 0.0, 0.0, 0.0, 0.0, 0.0, 0.0]"
13,18,2.2991136437968205,0.13833333333333334,0.024304538799414348,0.013833333333333333,0.1,[0. 1. 0. 0. 0. 0. 0. 0. 0. 0.],"[0.0, 1.0, 0.0, 0.0, 0.0, 0.0, 0.0, 0.0, 0.0, 0.0]","[0.0, 1.0, 0.0, 0.0, 0.0, 0.0, 0.0, 0.0, 0.0, 0.0]"
13,19,2.306007429173118,0.09833333333333333,0.017905918057663124,0.009833333333333333,0.1,[0. 1. 0. 0. 0. 0. 0. 0. 0. 0.],"[0.0, 1.0, 0.0, 0.0, 0.0, 0.0, 0.0, 0.0, 0.0, 0.0]","[0.0, 1.0, 0.0, 0.0, 0.0, 0.0, 0.0, 0.0, 0.0, 0.0]"
14,0,2.29562813357303,0.125,0.02222222222222222,0.0125,0.1,[0. 1. 0. 0. 0. 0. 0. 0. 0. 0.],"[0.0, 1.0, 0.0, 0.0, 0.0, 0.0, 0.0, 0.0, 0.0, 0.0]","[0.0, 1.0, 0.0, 0.0, 0.0, 0.0, 0.0, 0.0, 0.0, 0.0]"
14,1,2.3048554847114966,0.085,0.01566820276497696,0.0085,0.1,[0. 1. 0. 0. 0. 0. 0. 0. 0. 0.],"[0.0, 1.0, 0.0, 0.0, 0.0, 0.0, 0.0, 0.0, 0.0, 0.0]","[0.0, 1.0, 0.0, 0.0, 0.0, 0.0, 0.0, 0.0, 0.0, 0.0]"
14,2,2.2920475445295634,0.125,0.02222222222222222,0.0125,0.1,[0. 1. 0. 0. 0. 0. 0. 0. 0. 0.],"[0.0, 1.0, 0.0, 0.0, 0.0, 0.0, 0.0, 0.0, 0.0, 0.0]","[0.0, 1.0, 0.0, 0.0, 0.0, 0.0, 0.0, 0.0, 0.0, 0.0]"
14,3,2.298464291974118,0.115,0.02062780269058296,0.0115,0.1,[0. 1. 0. 0. 0. 0. 0. 0. 0. 0.],"[0.0, 1.0, 0.0, 0.0, 0.0, 0.0, 0.0, 0.0, 0.0, 0.0]","[0.0, 1.0, 0.0, 0.0, 0.0, 0.0, 0.0, 0.0, 0.0, 0.0]"
14,4,2.3049344200836983,0.105,0.019004524886877826,0.010499999999999999,0.1,[0. 1. 0. 0. 0. 0. 0. 0. 0. 0.],"[0.0, 1.0, 0.0, 0.0, 0.0, 0.0, 0.0, 0.0, 0.0, 0.0]","[0.0, 1.0, 0.0, 0.0, 0.0, 0.0, 0.0, 0.0, 0.0, 0.0]"
14,5,2.2985719567851017,0.15166666666666667,0.02633863965267728,0.015166666666666667,0.1,[0. 1. 0. 0. 0. 0. 0. 0. 0. 0.],"[0.0, 1.0, 0.0, 0.0, 0.0, 0.0, 0.0, 0.0, 0.0, 0.0]","[0.0, 1.0, 0.0, 0.0, 0.0, 0.0, 0.0, 0.0, 0.0, 0.0]"
14,6,2.3075084121603715,0.105,0.019004524886877826,0.010499999999999999,0.1,[0. 1. 0. 0. 0. 0. 0. 0. 0. 0.],"[0.0, 1.0, 0.0, 0.0, 0.0, 0.0, 0.0, 0.0, 0.0, 0.0]","[0.0, 1.0, 0.0, 0.0, 0.0, 0.0, 0.0, 0.0, 0.0, 0.0]"
14,7,2.301397311060052,0.10833333333333334,0.019548872180451128,0.010833333333333334,0.1,[0. 1. 0. 0. 0. 0. 0. 0. 0. 0.],"[0.0, 1.0, 0.0, 0.0, 0.0, 0.0, 0.0, 0.0, 0.0, 0.0]","[0.0, 1.0, 0.0, 0.0, 0.0, 0.0, 0.0, 0.0, 0.0, 0.0]"
14,8,2.301557942440635,0.11333333333333333,0.02035928143712575,0.011333333333333332,0.1,[0. 1. 0. 0. 0. 0. 0. 0. 0. 0.],"[0.0, 1.0, 0.0, 0.0, 0.0, 0.0, 0.0, 0.0, 0.0, 0.0]","[0.0, 1.0, 0.0, 0.0, 0.0, 0.0, 0.0, 0.0, 0.0, 0.0]"
14,9,2.2993598862698206,0.11833333333333333,0.021162444113263783,0.011833333333333333,0.1,[0. 1. 0. 0. 0. 0. 0. 0. 0. 0.],"[0.0, 1.0, 0.0, 0.0, 0.0, 0.0, 0.0, 0.0, 0.0, 0.0]","[0.0, 1.0, 0.0, 0.0, 0.0, 0.0, 0.0, 0.0, 0.0, 0.0]"
14,10,2.3042586916371395,0.115,0.02062780269058296,0.0115,0.1,[0. 1. 0. 0. 0. 0. 0. 0. 0. 0.],"[0.0, 1.0, 0.0, 0.0, 0.0, 0.0, 0.0, 0.0, 0.0, 0.0]","[0.0, 1.0, 0.0, 0.0, 0.0, 0.0, 0.0, 0.0, 0.0, 0.0]"
14,11,2.3029669021305286,0.115,0.02062780269058296,0.0115,0.1,[0. 1. 0. 0. 0. 0. 0. 0. 0. 0.],"[0.0, 1.0, 0.0, 0.0, 0.0, 0.0, 0.0, 0.0, 0.0, 0.0]","[0.0, 1.0, 0.0, 0.0, 0.0, 0.0, 0.0, 0.0, 0.0, 0.0]"
14,12,2.2992766970082332,0.13166666666666665,0.023269513991163473,0.013166666666666665,0.1,[0. 1. 0. 0. 0. 0. 0. 0. 0. 0.],"[0.0, 1.0, 0.0, 0.0, 0.0, 0.0, 0.0, 0.0, 0.0, 0.0]","[0.0, 1.0, 0.0, 0.0, 0.0, 0.0, 0.0, 0.0, 0.0, 0.0]"
14,13,2.3051758439917314,0.11166666666666666,0.020089955022488757,0.011166666666666667,0.1,[0. 1. 0. 0. 0. 0. 0. 0. 0. 0.],"[0.0, 1.0, 0.0, 0.0, 0.0, 0.0, 0.0, 0.0, 0.0, 0.0]","[0.0, 1.0, 0.0, 0.0, 0.0, 0.0, 0.0, 0.0, 0.0, 0.0]"
14,14,2.3067745534997237,0.10166666666666667,0.01845688350983359,0.010166666666666668,0.1,[0. 1. 0. 0. 0. 0. 0. 0. 0. 0.],"[0.0, 1.0, 0.0, 0.0, 0.0, 0.0, 0.0, 0.0, 0.0, 0.0]","[0.0, 1.0, 0.0, 0.0, 0.0, 0.0, 0.0, 0.0, 0.0, 0.0]"
14,15,2.303033759719447,0.11,0.01981981981981982,0.011,0.1,[0. 1. 0. 0. 0. 0. 0. 0. 0. 0.],"[0.0, 1.0, 0.0, 0.0, 0.0, 0.0, 0.0, 0.0, 0.0, 0.0]","[0.0, 1.0, 0.0, 0.0, 0.0, 0.0, 0.0, 0.0, 0.0, 0.0]"
14,16,2.301576902991847,0.13,0.023008849557522127,0.013000000000000001,0.1,[0. 1. 0. 0. 0. 0. 0. 0. 0. 0.],"[0.0, 1.0, 0.0, 0.0, 0.0, 0.0, 0.0, 0.0, 0.0, 0.0]","[0.0, 1.0, 0.0, 0.0, 0.0, 0.0, 0.0, 0.0, 0.0, 0.0]"
14,17,2.300746146001314,0.125,0.02222222222222222,0.0125,0.1,[0. 1. 0. 0. 0. 0. 0. 0. 0. 0.],"[0.0, 1.0, 0.0, 0.0, 0.0, 0.0, 0.0, 0.0, 0.0, 0.0]","[0.0, 1.0, 0.0, 0.0, 0.0, 0.0, 0.0, 0.0, 0.0, 0.0]"
14,18,2.30217214634544,0.13833333333333334,0.024304538799414348,0.013833333333333333,0.1,[0. 1. 0. 0. 0. 0. 0. 0. 0. 0.],"[0.0, 1.0, 0.0, 0.0, 0.0, 0.0, 0.0, 0.0, 0.0, 0.0]","[0.0, 1.0, 0.0, 0.0, 0.0, 0.0, 0.0, 0.0, 0.0, 0.0]"
14,19,2.3122736592041817,0.09833333333333333,0.017905918057663124,0.009833333333333333,0.1,[0. 1. 0. 0. 0. 0. 0. 0. 0. 0.],"[0.0, 1.0, 0.0, 0.0, 0.0, 0.0, 0.0, 0.0, 0.0, 0.0]","[0.0, 1.0, 0.0, 0.0, 0.0, 0.0, 0.0, 0.0, 0.0, 0.0]"
15,0,2.2991934199082222,0.08666666666666667,0.01595092024539877,0.008666666666666666,0.1,[1. 0. 0. 0. 0. 0. 0. 0. 0. 0.],"[1.0, 0.0, 0.0, 0.0, 0.0, 0.0, 0.0, 0.0, 0.0, 0.0]","[1.0, 0.0, 0.0, 0.0, 0.0, 0.0, 0.0, 0.0, 0.0, 0.0]"
15,1,2.302171042090968,0.10833333333333334,0.019548872180451128,0.010833333333333334,0.1,[1. 0. 0. 0. 0. 0. 0. 0. 0. 0.],"[1.0, 0.0, 0.0, 0.0, 0.0, 0.0, 0.0, 0.0, 0.0, 0.0]","[1.0, 0.0, 0.0, 0.0, 0.0, 0.0, 0.0, 0.0, 0.0, 0.0]"
15,2,2.2971833881578947,0.095,0.017351598173515982,0.0095,0.1,[1. 0. 0. 0. 0. 0. 0. 0. 0. 0.],"[1.0, 0.0, 0.0, 0.0, 0.0, 0.0, 0.0, 0.0, 0.0, 0.0]","[1.0, 0.0, 0.0, 0.0, 0.0, 0.0, 0.0, 0.0, 0.0, 0.0]"
15,3,2.300376710138823,0.10833333333333334,0.019548872180451128,0.010833333333333334,0.1,[1. 0. 0. 0. 0. 0. 0. 0. 0. 0.],"[1.0, 0.0, 0.0, 0.0, 0.0, 0.0, 0.0, 0.0, 0.0, 0.0]","[1.0, 0.0, 0.0, 0.0, 0.0, 0.0, 0.0, 0.0, 0.0, 0.0]"
15,4,2.3040203420739425,0.08666666666666667,0.01595092024539877,0.008666666666666666,0.1,[1. 0. 0. 0. 0. 0. 0. 0. 0. 0.],"[1.0, 0.0, 0.0, 0.0, 0.0, 0.0, 0.0, 0.0, 0.0, 0.0]","[1.0, 0.0, 0.0, 0.0, 0.0, 0.0, 0.0, 0.0, 0.0, 0.0]"
15,5,2.300121972435399,0.115,0.02062780269058296,0.0115,0.1,[1. 0. 0. 0. 0. 0. 0. 0. 0. 0.],"[1.0, 0.0, 0.0, 0.0, 0.0, 0.0, 0.0, 0.0, 0.0, 0.0]","[1.0, 0.0, 0.0, 0.0, 0.0, 0.0, 0.0, 0.0, 0.0, 0.0]"
15,6,2.303978913708737,0.1,0.01818181818181818,0.01,0.1,[1. 0. 0. 0. 0. 0. 0. 0. 0. 0.],"[1.0, 0.0, 0.0, 0.0, 0.0, 0.0, 0.0, 0.0, 0.0, 0.0]","[1.0, 0.0, 0.0, 0.0, 0.0, 0.0, 0.0, 0.0, 0.0, 0.0]"
15,7,2.302990254602934,0.09166666666666666,0.016793893129770993,0.009166666666666667,0.1,[1. 0. 0. 0. 0. 0. 0. 0. 0. 0.],"[1.0, 0.0, 0.0, 0.0, 0.0, 0.0, 0.0, 0.0, 0.0, 0.0]","[1.0, 0.0, 0.0, 0.0, 0.0, 0.0, 0.0, 0.0, 0.0, 0.0]"
15,8,2.301705661572908,0.09,0.016513761467889906,0.009,0.1,[1. 0. 0. 0. 0. 0. 0. 0. 0. 0.],"[1.0, 0.0, 0.0, 0.0, 0.0, 0.0, 0.0, 0.0, 0.0, 0.0]","[1.0, 0.0, 0.0, 0.0, 0.0, 0.0, 0.0, 0.0, 0.0, 0.0]"
15,9,2.300221788255792,0.10333333333333333,0.018731117824773415,0.010333333333333333,0.1,[1. 0. 0. 0. 0. 0. 0. 0. 0. 0.],"[1.0, 0.0, 0.0, 0.0, 0.0, 0.0, 0.0, 0.0, 0.0, 0.0]","[1.0, 0.0, 0.0, 0.0, 0.0, 0.0, 0.0, 0.0, 0.0, 0.0]"
15,10,2.305252094017832,0.06833333333333333,0.012792511700468018,0.006833333333333333,0.1,[1. 0. 0. 0. 0. 0. 0. 0. 0. 0.],"[1.0, 0.0, 0.0, 0.0, 0.0, 0.0, 0.0, 0.0, 0.0, 0.0]","[1.0, 0.0, 0.0, 0.0, 0.0, 0.0, 0.0, 0.0, 0.0, 0.0]"
15,11,2.301558174585041,0.09666666666666666,0.01762917933130699,0.009666666666666667,0.1,[1. 0. 0. 0. 0. 0. 0. 0. 0. 0.],"[1.0, 0.0, 0.0, 0.0, 0.0, 0.0, 0.0, 0.0, 0.0, 0.0]","[1.0, 0.0, 0.0, 0.0, 0.0, 0.0, 0.0, 0.0, 0.0, 0.0]"
15,12,2.3014233049593473,0.09,0.016513761467889906,0.009,0.1,[1. 0. 0. 0. 0. 0. 0. 0. 0. 0.],"[1.0, 0.0, 0.0, 0.0, 0.0, 0.0, 0.0, 0.0, 0.0, 0.0]","[1.0, 0.0, 0.0, 0.0, 0.0, 0.0, 0.0, 0.0, 0.0, 0.0]"
15,13,2.304416192205329,0.075,0.013953488372093023,0.0075,0.1,[1. 0. 0. 0. 0. 0. 0. 0. 0. 0.],"[1.0, 0.0, 0.0, 0.0, 0.0, 0.0, 0.0, 0.0, 0.0, 0.0]","[1.0, 0.0, 0.0, 0.0, 0.0, 0.0, 0.0, 0.0, 0.0, 0.0]"
15,14,2.3044637065184745,0.1,0.01818181818181818,0.01,0.1,[1. 0. 0. 0. 0. 0. 0. 0. 0. 0.],"[1.0, 0.0, 0.0, 0.0, 0.0, 0.0, 0.0, 0.0, 0.0, 0.0]","[1.0, 0.0, 0.0, 0.0, 0.0, 0.0, 0.0, 0.0, 0.0, 0.0]"
15,15,2.3032617568969727,0.10333333333333333,0.018731117824773415,0.010333333333333333,0.1,[1. 0. 0. 0. 0. 0. 0. 0. 0. 0.],"[1.0, 0.0, 0.0, 0.0, 0.0, 0.0, 0.0, 0.0, 0.0, 0.0]","[1.0, 0.0, 0.0, 0.0, 0.0, 0.0, 0.0, 0.0, 0.0, 0.0]"
15,16,2.3024063424060217,0.095,0.017351598173515982,0.0095,0.1,[1. 0. 0. 0. 0. 0. 0. 0. 0. 0.],"[1.0, 0.0, 0.0, 0.0, 0.0, 0.0, 0.0, 0.0, 0.0, 0.0]","[1.0, 0.0, 0.0, 0.0, 0.0, 0.0, 0.0, 0.0, 0.0, 0.0]"
15,17,2.3005419028432748,0.10666666666666667,0.01927710843373494,0.010666666666666668,0.1,[1. 0. 0. 0. 0. 0. 0. 0. 0. 0.],"[1.0, 0.0, 0.0, 0.0, 0.0, 0.0, 0.0, 0.0, 0.0, 0.0]","[1.0, 0.0, 0.0, 0.0, 0.0, 0.0, 0.0, 0.0, 0.0, 0.0]"
15,18,2.302366294358906,0.09,0.016513761467889906,0.009,0.1,[1. 0. 0. 0. 0. 0. 0. 0. 0. 0.],"[1.0, 0.0, 0.0, 0.0, 0.0, 0.0, 0.0, 0.0, 0.0, 0.0]","[1.0, 0.0, 0.0, 0.0, 0.0, 0.0, 0.0, 0.0, 0.0, 0.0]"
15,19,2.304121356261404,0.11333333333333333,0.02035928143712575,0.011333333333333332,0.1,[1. 0. 0. 0. 0. 0. 0. 0. 0. 0.],"[1.0, 0.0, 0.0, 0.0, 0.0, 0.0, 0.0, 0.0, 0.0, 0.0]","[1.0, 0.0, 0.0, 0.0, 0.0, 0.0, 0.0, 0.0, 0.0, 0.0]"
16,0,2.298957209838064,0.125,0.02222222222222222,0.0125,0.1,[0. 1. 0. 0. 0. 0. 0. 0. 0. 0.],"[0.0, 1.0, 0.0, 0.0, 0.0, 0.0, 0.0, 0.0, 0.0, 0.0]","[0.0, 1.0, 0.0, 0.0, 0.0, 0.0, 0.0, 0.0, 0.0, 0.0]"
16,1,2.305070218287016,0.085,0.01566820276497696,0.0085,0.1,[0. 1. 0. 0. 0. 0. 0. 0. 0. 0.],"[0.0, 1.0, 0.0, 0.0, 0.0, 0.0, 0.0, 0.0, 0.0, 0.0]","[0.0, 1.0, 0.0, 0.0, 0.0, 0.0, 0.0, 0.0, 0.0, 0.0]"
16,2,2.295636459400779,0.125,0.02222222222222222,0.0125,0.1,[0. 1. 0. 0. 0. 0. 0. 0. 0. 0.],"[0.0, 1.0, 0.0, 0.0, 0.0, 0.0, 0.0, 0.0, 0.0, 0.0]","[0.0, 1.0, 0.0, 0.0, 0.0, 0.0, 0.0, 0.0, 0.0, 0.0]"
16,3,2.2980848989988627,0.115,0.02062780269058296,0.0115,0.1,[0. 1. 0. 0. 0. 0. 0. 0. 0. 0.],"[0.0, 1.0, 0.0, 0.0, 0.0, 0.0, 0.0, 0.0, 0.0, 0.0]","[0.0, 1.0, 0.0, 0.0, 0.0, 0.0, 0.0, 0.0, 0.0, 0.0]"
16,4,2.3038491638083207,0.105,0.019004524886877826,0.010499999999999999,0.1,[0. 1. 0. 0. 0. 0. 0. 0. 0. 0.],"[0.0, 1.0, 0.0, 0.0, 0.0, 0.0, 0.0, 0.0, 0.0, 0.0]","[0.0, 1.0, 0.0, 0.0, 0.0, 0.0, 0.0, 0.0, 0.0, 0.0]"
16,5,2.2965913383584273,0.15166666666666667,0.02633863965267728,0.015166666666666667,0.1,[0. 1. 0. 0. 0. 0. 0. 0. 0. 0.],"[0.0, 1.0, 0.0, 0.0, 0.0, 0.0, 0.0, 0.0, 0.0, 0.0]","[0.0, 1.0, 0.0, 0.0, 0.0, 0.0, 0.0, 0.0, 0.0, 0.0]"
16,6,2.303295951140554,0.105,0.019004524886877826,0.010499999999999999,0.1,[0. 1. 0. 0. 0. 0. 0. 0. 0. 0.],"[0.0, 1.0, 0.0, 0.0, 0.0, 0.0, 0.0, 0.0, 0.0, 0.0]","[0.0, 1.0, 0.0, 0.0, 0.0, 0.0, 0.0, 0.0, 0.0, 0.0]"
16,7,2.303634712570592,0.10833333333333334,0.019548872180451128,0.010833333333333334,0.1,[0. 1. 0. 0. 0. 0. 0. 0. 0. 0.],"[0.0, 1.0, 0.0, 0.0, 0.0, 0.0, 0.0, 0.0, 0.0, 0.0]","[0.0, 1.0, 0.0, 0.0, 0.0, 0.0, 0.0, 0.0, 0.0, 0.0]"
16,8,2.302279177464937,0.11333333333333333,0.02035928143712575,0.011333333333333332,0.1,[0. 1. 0. 0. 0. 0. 0. 0. 0. 0.],"[0.0, 1.0, 0.0, 0.0, 0.0, 0.0, 0.0, 0.0, 0.0, 0.0]","[0.0, 1.0, 0.0, 0.0, 0.0, 0.0, 0.0, 0.0, 0.0, 0.0]"
16,9,2.3012714260502865,0.11833333333333333,0.021162444113263783,0.011833333333333333,0.1,[0. 1. 0. 0. 0. 0. 0. 0. 0. 0.],"[0.0, 1.0, 0.0, 0.0, 0.0, 0.0, 0.0, 0.0, 0.0, 0.0]","[0.0, 1.0, 0.0, 0.0, 0.0, 0.0, 0.0, 0.0, 0.0, 0.0]"
16,10,2.300927256283007,0.115,0.02062780269058296,0.0115,0.1,[0. 1. 0. 0. 0. 0. 0. 0. 0. 0.],"[0.0, 1.0, 0.0, 0.0, 0.0, 0.0, 0.0, 0.0, 0.0, 0.0]","[0.0, 1.0, 0.0, 0.0, 0.0, 0.0, 0.0, 0.0, 0.0, 0.0]"
16,11,2.2992216034939417,0.115,0.02062780269058296,0.0115,0.1,[0. 1. 0. 0. 0. 0. 0. 0. 0. 0.],"[0.0, 1.0, 0.0, 0.0, 0.0, 0.0, 0.0, 0.0, 0.0, 0.0]","[0.0, 1.0, 0.0, 0.0, 0.0, 0.0, 0.0, 0.0, 0.0, 0.0]"
16,12,2.2991582217969393,0.13166666666666665,0.023269513991163473,0.013166666666666665,0.1,[0. 1. 0. 0. 0. 0. 0. 0. 0. 0.],"[0.0, 1.0, 0.0, 0.0, 0.0, 0.0, 0.0, 0.0, 0.0, 0.0]","[0.0, 1.0, 0.0, 0.0, 0.0, 0.0, 0.0, 0.0, 0.0, 0.0]"
16,13,2.3003072362197075,0.11166666666666666,0.020089955022488757,0.011166666666666667,0.1,[0. 1. 0. 0. 0. 0. 0. 0. 0. 0.],"[0.0, 1.0, 0.0, 0.0, 0.0, 0.0, 0.0, 0.0, 0.0, 0.0]","[0.0, 1.0, 0.0, 0.0, 0.0, 0.0, 0.0, 0.0, 0.0, 0.0]"
16,14,2.3046396280589856,0.10166666666666667,0.01845688350983359,0.010166666666666668,0.1,[0. 1. 0. 0. 0. 0. 0. 0. 0. 0.],"[0.0, 1.0, 0.0, 0.0, 0.0, 0.0, 0.0, 0.0, 0.0, 0.0]","[0.0, 1.0, 0.0, 0.0, 0.0, 0.0, 0.0, 0.0, 0.0, 0.0]"
16,15,2.302016571948403,0.11,0.01981981981981982,0.011,0.1,[0. 1. 0. 0. 0. 0. 0. 0. 0. 0.],"[0.0, 1.0, 0.0, 0.0, 0.0, 0.0, 0.0, 0.0, 0.0, 0.0]","[0.0, 1.0, 0.0, 0.0, 0.0, 0.0, 0.0, 0.0, 0.0, 0.0]"
16,16,2.2984217028868827,0.13,0.023008849557522127,0.013000000000000001,0.1,[0. 1. 0. 0. 0. 0. 0. 0. 0. 0.],"[0.0, 1.0, 0.0, 0.0, 0.0, 0.0, 0.0, 0.0, 0.0, 0.0]","[0.0, 1.0, 0.0, 0.0, 0.0, 0.0, 0.0, 0.0, 0.0, 0.0]"
16,17,2.2989098461050737,0.125,0.02222222222222222,0.0125,0.1,[0. 1. 0. 0. 0. 0. 0. 0. 0. 0.],"[0.0, 1.0, 0.0, 0.0, 0.0, 0.0, 0.0, 0.0, 0.0, 0.0]","[0.0, 1.0, 0.0, 0.0, 0.0, 0.0, 0.0, 0.0, 0.0, 0.0]"
16,18,2.2973214387893677,0.13833333333333334,0.024304538799414348,0.013833333333333333,0.1,[0. 1. 0. 0. 0. 0. 0. 0. 0. 0.],"[0.0, 1.0, 0.0, 0.0, 0.0, 0.0, 0.0, 0.0, 0.0, 0.0]","[0.0, 1.0, 0.0, 0.0, 0.0, 0.0, 0.0, 0.0, 0.0, 0.0]"
16,19,2.3043878203944157,0.09833333333333333,0.017905918057663124,0.009833333333333333,0.1,[0. 1. 0. 0. 0. 0. 0. 0. 0. 0.],"[0.0, 1.0, 0.0, 0.0, 0.0, 0.0, 0.0, 0.0, 0.0, 0.0]","[0.0, 1.0, 0.0, 0.0, 0.0, 0.0, 0.0, 0.0, 0.0, 0.0]"
17,0,2.304635010267559,0.08666666666666667,0.01595092024539877,0.008666666666666666,0.1,[1. 0. 0. 0. 0. 0. 0. 0. 0. 0.],"[1.0, 0.0, 0.0, 0.0, 0.0, 0.0, 0.0, 0.0, 0.0, 0.0]","[1.0, 0.0, 0.0, 0.0, 0.0, 0.0, 0.0, 0.0, 0.0, 0.0]"
17,1,2.305690991251092,0.10833333333333334,0.019548872180451128,0.010833333333333334,0.1,[1. 0. 0. 0. 0. 0. 0. 0. 0. 0.],"[1.0, 0.0, 0.0, 0.0, 0.0, 0.0, 0.0, 0.0, 0.0, 0.0]","[1.0, 0.0, 0.0, 0.0, 0.0, 0.0, 0.0, 0.0, 0.0, 0.0]"
17,2,2.3010322984896208,0.095,0.017351598173515982,0.0095,0.1,[1. 0. 0. 0. 0. 0. 0. 0. 0. 0.],"[1.0, 0.0, 0.0, 0.0, 0.0, 0.0, 0.0, 0.0, 0.0, 0.0]","[1.0, 0.0, 0.0, 0.0, 0.0, 0.0, 0.0, 0.0, 0.0, 0.0]"
17,3,2.3025877977672375,0.10833333333333334,0.019548872180451128,0.010833333333333334,0.1,[1. 0. 0. 0. 0. 0. 0. 0. 0. 0.],"[1.0, 0.0, 0.0, 0.0, 0.0, 0.0, 0.0, 0.0, 0.0, 0.0]","[1.0, 0.0, 0.0, 0.0, 0.0, 0.0, 0.0, 0.0, 0.0, 0.0]"
17,4,2.3062305073989067,0.08666666666666667,0.01595092024539877,0.008666666666666666,0.1,[1. 0. 0. 0. 0. 0. 0. 0. 0. 0.],"[1.0, 0.0, 0.0, 0.0, 0.0, 0.0, 0.0, 0.0, 0.0, 0.0]","[1.0, 0.0, 0.0, 0.0, 0.0, 0.0, 0.0, 0.0, 0.0, 0.0]"
17,5,2.2961001772629586,0.115,0.02062780269058296,0.0115,0.1,[1. 0. 0. 0. 0. 0. 0. 0. 0. 0.],"[1.0, 0.0, 0.0, 0.0, 0.0, 0.0, 0.0, 0.0, 0.0, 0.0]","[1.0, 0.0, 0.0, 0.0, 0.0, 0.0, 0.0, 0.0, 0.0, 0.0]"
17,6,2.3060355500171057,0.1,0.01818181818181818,0.01,0.1,[1. 0. 0. 0. 0. 0. 0. 0. 0. 0.],"[1.0, 0.0, 0.0, 0.0, 0.0, 0.0, 0.0, 0.0, 0.0, 0.0]","[1.0, 0.0, 0.0, 0.0, 0.0, 0.0, 0.0, 0.0, 0.0, 0.0]"
17,7,2.305685469978734,0.09166666666666666,0.016793893129770993,0.009166666666666667,0.1,[1. 0. 0. 0. 0. 0. 0. 0. 0. 0.],"[1.0, 0.0, 0.0, 0.0, 0.0, 0.0, 0.0, 0.0, 0.0, 0.0]","[1.0, 0.0, 0.0, 0.0, 0.0, 0.0, 0.0, 0.0, 0.0, 0.0]"
17,8,2.304165978180735,0.09,0.016513761467889906,0.009,0.1,[1. 0. 0. 0. 0. 0. 0. 0. 0. 0.],"[1.0, 0.0, 0.0, 0.0, 0.0, 0.0, 0.0, 0.0, 0.0, 0.0]","[1.0, 0.0, 0.0, 0.0, 0.0, 0.0, 0.0, 0.0, 0.0, 0.0]"
17,9,2.3037593803907694,0.10333333333333333,0.018731117824773415,0.010333333333333333,0.1,[1. 0. 0. 0. 0. 0. 0. 0. 0. 0.],"[1.0, 0.0, 0.0, 0.0, 0.0, 0.0, 0.0, 0.0, 0.0, 0.0]","[1.0, 0.0, 0.0, 0.0, 0.0, 0.0, 0.0, 0.0, 0.0, 0.0]"
17,10,2.306365590346487,0.06833333333333333,0.012792511700468018,0.006833333333333333,0.1,[1. 0. 0. 0. 0. 0. 0. 0. 0. 0.],"[1.0, 0.0, 0.0, 0.0, 0.0, 0.0, 0.0, 0.0, 0.0, 0.0]","[1.0, 0.0, 0.0, 0.0, 0.0, 0.0, 0.0, 0.0, 0.0, 0.0]"
17,11,2.301967219302529,0.09666666666666666,0.01762917933130699,0.009666666666666667,0.1,[1. 0. 0. 0. 0. 0. 0. 0. 0. 0.],"[1.0, 0.0, 0.0, 0.0, 0.0, 0.0, 0.0, 0.0, 0.0, 0.0]","[1.0, 0.0, 0.0, 0.0, 0.0, 0.0, 0.0, 0.0, 0.0, 0.0]"
17,12,2.3027859173322978,0.09,0.016513761467889906,0.009,0.1,[1. 0. 0. 0. 0. 0. 0. 0. 0. 0.],"[1.0, 0.0, 0.0, 0.0, 0.0, 0.0, 0.0, 0.0, 0.0, 0.0]","[1.0, 0.0, 0.0, 0.0, 0.0, 0.0, 0.0, 0.0, 0.0, 0.0]"
17,13,2.3035121967917993,0.075,0.013953488372093023,0.0075,0.1,[1. 0. 0. 0. 0. 0. 0. 0. 0. 0.],"[1.0, 0.0, 0.0, 0.0, 0.0, 0.0, 0.0, 0.0, 0.0, 0.0]","[1.0, 0.0, 0.0, 0.0, 0.0, 0.0, 0.0, 0.0, 0.0, 0.0]"
17,14,2.305584041695846,0.1,0.01818181818181818,0.01,0.1,[1. 0. 0. 0. 0. 0. 0. 0. 0. 0.],"[1.0, 0.0, 0.0, 0.0, 0.0, 0.0, 0.0, 0.0, 0.0, 0.0]","[1.0, 0.0, 0.0, 0.0, 0.0, 0.0, 0.0, 0.0, 0.0, 0.0]"
17,15,2.306186920718143,0.10333333333333333,0.018731117824773415,0.010333333333333333,0.1,[1. 0. 0. 0. 0. 0. 0. 0. 0. 0.],"[1.0, 0.0, 0.0, 0.0, 0.0, 0.0, 0.0, 0.0, 0.0, 0.0]","[1.0, 0.0, 0.0, 0.0, 0.0, 0.0, 0.0, 0.0, 0.0, 0.0]"
17,16,2.3031223133990637,0.095,0.017351598173515982,0.0095,0.1,[1. 0. 0. 0. 0. 0. 0. 0. 0. 0.],"[1.0, 0.0, 0.0, 0.0, 0.0, 0.0, 0.0, 0.0, 0.0, 0.0]","[1.0, 0.0, 0.0, 0.0, 0.0, 0.0, 0.0, 0.0, 0.0, 0.0]"
17,17,2.2994629583860697,0.10666666666666667,0.01927710843373494,0.010666666666666668,0.1,[1. 0. 0. 0. 0. 0. 0. 0. 0. 0.],"[1.0, 0.0, 0.0, 0.0, 0.0, 0.0, 0.0, 0.0, 0.0, 0.0]","[1.0, 0.0, 0.0, 0.0, 0.0, 0.0, 0.0, 0.0, 0.0, 0.0]"
17,18,2.29892235053213,0.09,0.016513761467889906,0.009,0.1,[1. 0. 0. 0. 0. 0. 0. 0. 0. 0.],"[1.0, 0.0, 0.0, 0.0, 0.0, 0.0, 0.0, 0.0, 0.0, 0.0]","[1.0, 0.0, 0.0, 0.0, 0.0, 0.0, 0.0, 0.0, 0.0, 0.0]"
17,19,2.3031050594229447,0.11333333333333333,0.02035928143712575,0.011333333333333332,0.1,[1. 0. 0. 0. 0. 0. 0. 0. 0. 0.],"[1.0, 0.0, 0.0, 0.0, 0.0, 0.0, 0.0, 0.0, 0.0, 0.0]","[1.0, 0.0, 0.0, 0.0, 0.0, 0.0, 0.0, 0.0, 0.0, 0.0]"
18,0,2.3002485476042094,0.125,0.02222222222222222,0.0125,0.1,[0. 1. 0. 0. 0. 0. 0. 0. 0. 0.],"[0.0, 1.0, 0.0, 0.0, 0.0, 0.0, 0.0, 0.0, 0.0, 0.0]","[0.0, 1.0, 0.0, 0.0, 0.0, 0.0, 0.0, 0.0, 0.0, 0.0]"
18,1,2.307107536416305,0.085,0.01566820276497696,0.0085,0.1,[0. 1. 0. 0. 0. 0. 0. 0. 0. 0.],"[0.0, 1.0, 0.0, 0.0, 0.0, 0.0, 0.0, 0.0, 0.0, 0.0]","[0.0, 1.0, 0.0, 0.0, 0.0, 0.0, 0.0, 0.0, 0.0, 0.0]"
18,2,2.299805101595427,0.125,0.02222222222222222,0.0125,0.1,[0. 1. 0. 0. 0. 0. 0. 0. 0. 0.],"[0.0, 1.0, 0.0, 0.0, 0.0, 0.0, 0.0, 0.0, 0.0, 0.0]","[0.0, 1.0, 0.0, 0.0, 0.0, 0.0, 0.0, 0.0, 0.0, 0.0]"
18,3,2.3016565536197864,0.115,0.02062780269058296,0.0115,0.1,[0. 1. 0. 0. 0. 0. 0. 0. 0. 0.],"[0.0, 1.0, 0.0, 0.0, 0.0, 0.0, 0.0, 0.0, 0.0, 0.0]","[0.0, 1.0, 0.0, 0.0, 0.0, 0.0, 0.0, 0.0, 0.0, 0.0]"
18,4,2.308280662486428,0.105,0.019004524886877826,0.010499999999999999,0.1,[0. 1. 0. 0. 0. 0. 0. 0. 0. 0.],"[0.0, 1.0, 0.0, 0.0, 0.0, 0.0, 0.0, 0.0, 0.0, 0.0]","[0.0, 1.0, 0.0, 0.0, 0.0, 0.0, 0.0, 0.0, 0.0, 0.0]"
18,5,2.2945298960334375,0.15166666666666667,0.02633863965267728,0.015166666666666667,0.1,[0. 1. 0. 0. 0. 0. 0. 0. 0. 0.],"[0.0, 1.0, 0.0, 0.0, 0.0, 0.0, 0.0, 0.0, 0.0, 0.0]","[0.0, 1.0, 0.0, 0.0, 0.0, 0.0, 0.0, 0.0, 0.0, 0.0]"
18,6,2.3070190015592074,0.105,0.019004524886877826,0.010499999999999999,0.1,[0. 1. 0. 0. 0. 0. 0. 0. 0. 0.],"[0.0, 1.0, 0.0, 0.0, 0.0, 0.0, 0.0, 0.0, 0.0, 0.0]","[0.0, 1.0, 0.0, 0.0, 0.0, 0.0, 0.0, 0.0, 0.0, 0.0]"
18,7,2.3058742033807853,0.10833333333333334,0.019548872180451128,0.010833333333333334,0.1,[0. 1. 0. 0. 0. 0. 0. 0. 0. 0.],"[0.0, 1.0, 0.0, 0.0, 0.0, 0.0, 0.0, 0.0, 0.0, 0.0]","[0.0, 1.0, 0.0, 0.0, 0.0, 0.0, 0.0, 0.0, 0.0, 0.0]"
18,8,2.3043304179844104,0.11333333333333333,0.02035928143712575,0.011333333333333332,0.1,[0. 1. 0. 0. 0. 0. 0. 0. 0. 0.],"[0.0, 1.0, 0.0, 0.0, 0.0, 0.0, 0.0, 0.0, 0.0, 0.0]","[0.0, 1.0, 0.0, 0.0, 0.0, 0.0, 0.0, 0.0, 0.0, 0.0]"
18,9,2.298533427087884,0.11833333333333333,0.021162444113263783,0.011833333333333333,0.1,[0. 1. 0. 0. 0. 0. 0. 0. 0. 0.],"[0.0, 1.0, 0.0, 0.0, 0.0, 0.0, 0.0, 0.0, 0.0, 0.0]","[0.0, 1.0, 0.0, 0.0, 0.0, 0.0, 0.0, 0.0, 0.0, 0.0]"
18,10,2.306805792607759,0.115,0.02062780269058296,0.0115,0.1,[0. 1. 0. 0. 0. 0. 0. 0. 0. 0.],"[0.0, 1.0, 0.0, 0.0, 0.0, 0.0, 0.0, 0.0, 0.0, 0.0]","[0.0, 1.0, 0.0, 0.0, 0.0, 0.0, 0.0, 0.0, 0.0, 0.0]"
18,11,2.3033116553959094,0.115,0.02062780269058296,0.0115,0.1,[0. 1. 0. 0. 0. 0. 0. 0. 0. 0.],"[0.0, 1.0, 0.0, 0.0, 0.0, 0.0, 0.0, 0.0, 0.0, 0.0]","[0.0, 1.0, 0.0, 0.0, 0.0, 0.0, 0.0, 0.0, 0.0, 0.0]"
18,12,2.3035083695461878,0.13166666666666665,0.023269513991163473,0.013166666666666665,0.1,[0. 1. 0. 0. 0. 0. 0. 0. 0. 0.],"[0.0, 1.0, 0.0, 0.0, 0.0, 0.0, 0.0, 0.0, 0.0, 0.0]","[0.0, 1.0, 0.0, 0.0, 0.0, 0.0, 0.0, 0.0, 0.0, 0.0]"
18,13,2.309158594984757,0.11166666666666666,0.020089955022488757,0.011166666666666667,0.1,[0. 1. 0. 0. 0. 0. 0. 0. 0. 0.],"[0.0, 1.0, 0.0, 0.0, 0.0, 0.0, 0.0, 0.0, 0.0, 0.0]","[0.0, 1.0, 0.0, 0.0, 0.0, 0.0, 0.0, 0.0, 0.0, 0.0]"
18,14,2.3040242195129395,0.10166666666666667,0.01845688350983359,0.010166666666666668,0.1,[0. 1. 0. 0. 0. 0. 0. 0. 0. 0.],"[0.0, 1.0, 0.0, 0.0, 0.0, 0.0, 0.0, 0.0, 0.0, 0.0]","[0.0, 1.0, 0.0, 0.0, 0.0, 0.0, 0.0, 0.0, 0.0, 0.0]"
18,15,2.3048611063706246,0.11,0.01981981981981982,0.011,0.1,[0. 1. 0. 0. 0. 0. 0. 0. 0. 0.],"[0.0, 1.0, 0.0, 0.0, 0.0, 0.0, 0.0, 0.0, 0.0, 0.0]","[0.0, 1.0, 0.0, 0.0, 0.0, 0.0, 0.0, 0.0, 0.0, 0.0]"
18,16,2.3039293477409766,0.13,0.023008849557522127,0.013000000000000001,0.1,[0. 1. 0. 0. 0. 0. 0. 0. 0. 0.],"[0.0, 1.0, 0.0, 0.0, 0.0, 0.0, 0.0, 0.0, 0.0, 0.0]","[0.0, 1.0, 0.0, 0.0, 0.0, 0.0, 0.0, 0.0, 0.0, 0.0]"
18,17,2.299702681993183,0.125,0.02222222222222222,0.0125,0.1,[0. 1. 0. 0. 0. 0. 0. 0. 0. 0.],"[0.0, 1.0, 0.0, 0.0, 0.0, 0.0, 0.0, 0.0, 0.0, 0.0]","[0.0, 1.0, 0.0, 0.0, 0.0, 0.0, 0.0, 0.0, 0.0, 0.0]"
18,18,2.3028131472437003,0.13833333333333334,0.024304538799414348,0.013833333333333333,0.1,[0. 1. 0. 0. 0. 0. 0. 0. 0. 0.],"[0.0, 1.0, 0.0, 0.0, 0.0, 0.0, 0.0, 0.0, 0.0, 0.0]","[0.0, 1.0, 0.0, 0.0, 0.0, 0.0, 0.0, 0.0, 0.0, 0.0]"
18,19,2.3057391455298974,0.09833333333333333,0.017905918057663124,0.009833333333333333,0.1,[0. 1. 0. 0. 0. 0. 0. 0. 0. 0.],"[0.0, 1.0, 0.0, 0.0, 0.0, 0.0, 0.0, 0.0, 0.0, 0.0]","[0.0, 1.0, 0.0, 0.0, 0.0, 0.0, 0.0, 0.0, 0.0, 0.0]"
19,0,2.3009566758808337,0.125,0.02222222222222222,0.0125,0.1,[0. 1. 0. 0. 0. 0. 0. 0. 0. 0.],"[0.0, 1.0, 0.0, 0.0, 0.0, 0.0, 0.0, 0.0, 0.0, 0.0]","[0.0, 1.0, 0.0, 0.0, 0.0, 0.0, 0.0, 0.0, 0.0, 0.0]"
19,1,2.3070865430329976,0.085,0.01566820276497696,0.0085,0.1,[0. 1. 0. 0. 0. 0. 0. 0. 0. 0.],"[0.0, 1.0, 0.0, 0.0, 0.0, 0.0, 0.0, 0.0, 0.0, 0.0]","[0.0, 1.0, 0.0, 0.0, 0.0, 0.0, 0.0, 0.0, 0.0, 0.0]"
19,2,2.3011922710820247,0.125,0.02222222222222222,0.0125,0.1,[0. 1. 0. 0. 0. 0. 0. 0. 0. 0.],"[0.0, 1.0, 0.0, 0.0, 0.0, 0.0, 0.0, 0.0, 0.0, 0.0]","[0.0, 1.0, 0.0, 0.0, 0.0, 0.0, 0.0, 0.0, 0.0, 0.0]"
19,3,2.3045721493269267,0.115,0.02062780269058296,0.0115,0.1,[0. 1. 0. 0. 0. 0. 0. 0. 0. 0.],"[0.0, 1.0, 0.0, 0.0, 0.0, 0.0, 0.0, 0.0, 0.0, 0.0]","[0.0, 1.0, 0.0, 0.0, 0.0, 0.0, 0.0, 0.0, 0.0, 0.0]"
19,4,2.3047544517015157,0.105,0.019004524886877826,0.010499999999999999,0.1,[0. 1. 0. 0. 0. 0. 0. 0. 0. 0.],"[0.0, 1.0, 0.0, 0.0, 0.0, 0.0, 0.0, 0.0, 0.0, 0.0]","[0.0, 1.0, 0.0, 0.0, 0.0, 0.0, 0.0, 0.0, 0.0, 0.0]"
19,5,2.2998837295331453,0.15166666666666667,0.02633863965267728,0.015166666666666667,0.1,[0. 1. 0. 0. 0. 0. 0. 0. 0. 0.],"[0.0, 1.0, 0.0, 0.0, 0.0, 0.0, 0.0, 0.0, 0.0, 0.0]","[0.0, 1.0, 0.0, 0.0, 0.0, 0.0, 0.0, 0.0, 0.0, 0.0]"
19,6,2.307418133083143,0.105,0.019004524886877826,0.010499999999999999,0.1,[0. 1. 0. 0. 0. 0. 0. 0. 0. 0.],"[0.0, 1.0, 0.0, 0.0, 0.0, 0.0, 0.0, 0.0, 0.0, 0.0]","[0.0, 1.0, 0.0, 0.0, 0.0, 0.0, 0.0, 0.0, 0.0, 0.0]"
19,7,2.304690693554125,0.10833333333333334,0.019548872180451128,0.010833333333333334,0.1,[0. 1. 0. 0. 0. 0. 0. 0. 0. 0.],"[0.0, 1.0, 0.0, 0.0, 0.0, 0.0, 0.0, 0.0, 0.0, 0.0]","[0.0, 1.0, 0.0, 0.0, 0.0, 0.0, 0.0, 0.0, 0.0, 0.0]"
19,8,2.301554610854701,0.11333333333333333,0.02035928143712575,0.011333333333333332,0.1,[0. 1. 0. 0. 0. 0. 0. 0. 0. 0.],"[0.0, 1.0, 0.0, 0.0, 0.0, 0.0, 0.0, 0.0, 0.0, 0.0]","[0.0, 1.0, 0.0, 0.0, 0.0, 0.0, 0.0, 0.0, 0.0, 0.0]"
19,9,2.3011429058878043,0.11833333333333333,0.021162444113263783,0.011833333333333333,0.1,[0. 1. 0. 0. 0. 0. 0. 0. 0. 0.],"[0.0, 1.0, 0.0, 0.0, 0.0, 0.0, 0.0, 0.0, 0.0, 0.0]","[0.0, 1.0, 0.0, 0.0, 0.0, 0.0, 0.0, 0.0, 0.0, 0.0]"
19,10,2.300563247580277,0.115,0.02062780269058296,0.0115,0.1,[0. 1. 0. 0. 0. 0. 0. 0. 0. 0.],"[0.0, 1.0, 0.0, 0.0, 0.0, 0.0, 0.0, 0.0, 0.0, 0.0]","[0.0, 1.0, 0.0, 0.0, 0.0, 0.0, 0.0, 0.0, 0.0, 0.0]"
19,11,2.302222916954442,0.115,0.02062780269058296,0.0115,0.1,[0. 1. 0. 0. 0. 0. 0. 0. 0. 0.],"[0.0, 1.0, 0.0, 0.0, 0.0, 0.0, 0.0, 0.0, 0.0, 0.0]","[0.0, 1.0, 0.0, 0.0, 0.0, 0.0, 0.0, 0.0, 0.0, 0.0]"
19,12,2.303389172804983,0.13166666666666665,0.023269513991163473,0.013166666666666665,0.1,[0. 1. 0. 0. 0. 0. 0. 0. 0. 0.],"[0.0, 1.0, 0.0, 0.0, 0.0, 0.0, 0.0, 0.0, 0.0, 0.0]","[0.0, 1.0, 0.0, 0.0, 0.0, 0.0, 0.0, 0.0, 0.0, 0.0]"
19,13,2.3020228210248446,0.11166666666666666,0.020089955022488757,0.011166666666666667,0.1,[0. 1. 0. 0. 0. 0. 0. 0. 0. 0.],"[0.0, 1.0, 0.0, 0.0, 0.0, 0.0, 0.0, 0.0, 0.0, 0.0]","[0.0, 1.0, 0.0, 0.0, 0.0, 0.0, 0.0, 0.0, 0.0, 0.0]"
19,14,2.3021953231409977,0.10166666666666667,0.01845688350983359,0.010166666666666668,0.1,[0. 1. 0. 0. 0. 0. 0. 0. 0. 0.],"[0.0, 1.0, 0.0, 0.0, 0.0, 0.0, 0.0, 0.0, 0.0, 0.0]","[0.0, 1.0, 0.0, 0.0, 0.0, 0.0, 0.0, 0.0, 0.0, 0.0]"
19,15,2.3067230927316764,0.11,0.01981981981981982,0.011,0.1,[0. 1. 0. 0. 0. 0. 0. 0. 0. 0.],"[0.0, 1.0, 0.0, 0.0, 0.0, 0.0, 0.0, 0.0, 0.0, 0.0]","[0.0, 1.0, 0.0, 0.0, 0.0, 0.0, 0.0, 0.0, 0.0, 0.0]"
19,16,2.304307962718763,0.13,0.023008849557522127,0.013000000000000001,0.1,[0. 1. 0. 0. 0. 0. 0. 0. 0. 0.],"[0.0, 1.0, 0.0, 0.0, 0.0, 0.0, 0.0, 0.0, 0.0, 0.0]","[0.0, 1.0, 0.0, 0.0, 0.0, 0.0, 0.0, 0.0, 0.0, 0.0]"
19,17,2.300248936602944,0.125,0.02222222222222222,0.0125,0.1,[0. 1. 0. 0. 0. 0. 0. 0. 0. 0.],"[0.0, 1.0, 0.0, 0.0, 0.0, 0.0, 0.0, 0.0, 0.0, 0.0]","[0.0, 1.0, 0.0, 0.0, 0.0, 0.0, 0.0, 0.0, 0.0, 0.0]"
19,18,2.29977169789766,0.13833333333333334,0.024304538799414348,0.013833333333333333,0.1,[0. 1. 0. 0. 0. 0. 0. 0. 0. 0.],"[0.0, 1.0, 0.0, 0.0, 0.0, 0.0, 0.0, 0.0, 0.0, 0.0]","[0.0, 1.0, 0.0, 0.0, 0.0, 0.0, 0.0, 0.0, 0.0, 0.0]"
19,19,2.305397391319275,0.09833333333333333,0.017905918057663124,0.009833333333333333,0.1,[0. 1. 0. 0. 0. 0. 0. 0. 0. 0.],"[0.0, 1.0, 0.0, 0.0, 0.0, 0.0, 0.0, 0.0, 0.0, 0.0]","[0.0, 1.0, 0.0, 0.0, 0.0, 0.0, 0.0, 0.0, 0.0, 0.0]"
